sum_colbargained,collectivelybargained,industryparentname,year,parentcode_indus,union_density,union_density_se,male_ratio,male_ratio_se,population_count,population_count_se,has.education.primary,has.education.primary_se,has.education.juniorhigh,has.education.juniorhigh_se,has.education.some.hs,has.education.some.hs_se,has.education.finished.hs,has.education.finished.hs_se,has.education.bachelor,has.education.bachelor_se,has.education.master,has.education.master_se,has.education.doctor,has.education.doctor_se,has.education.ungiven,has.education.ungiven_se,teenager,teenager_se,twenties,twenties_se,thirties,thirties_se,fourties,fourties_se,fifties,fifties_se,sixties,sixties_se,seventies,seventies_se,sector.private,sector.private_se,sector.municipal,sector.municipal_se,sector.county,sector.county_se,sector.centralgov,sector.centralgov_se,collective.agreement.yes,collective.agreement.yes_se,collective.agreement.combination,collective.agreement.combination_se,collective.agreement.no,collective.agreement.no_se,employment.onleave.employee,employment.onleave.employee_se,employment.employee,employment.employee_se,employment.selfemployed,employment.selfemployed_se,employment.onleave.selfemployed,employment.onleave.selfemployed_se,employment.onleave.familyemploy,employment.onleave.familyemploy_se,employment.familyemploy,employment.familyemploy_se,employment.employee.ungiven,employment.employee.ungiven_se,employment.military,employment.military_se,fulltime,fulltime_se,parttime,parttime_se,sample_size,date,lower_quartile_nok,median_nok,mean_nok,upper_quartile_nok,collective_rate,industry_label
318658.80227238,625.00416481,"Agriculture, forestry and fishing",2013,NA,0.22937079572490934,0.13388963879400084,0.5569617999306934,0.16433648249194455,3341.95348561,1140.0803851414098,0,0,0.32965429095998056,0.17558124717998785,0.13500399206114252,0.10044922844337915,0.36072511736648477,0.1583973727758306,0.11443068973480859,0.10782276402239092,0.06018590987758365,0.06007602884867229,0,0,0,0,0,0,0.327591004205784,0.18081879324607605,0.26842489424602534,0.13398801051084494,0.09747555449310508,0.09358460059018159,0.14162781623622958,0.09843630901958082,0.16488073081885604,0.12241435084237028,0,0,1,0,0,0,0,0,0,0,0.18701761335134778,0.10668547582321951,0,0,0.6713891958763911,0.14456822405665648,0.2720921541054973,0.14346577450915743,0.7279078458945027,0.14346577450915743,0,0,0,0,0,0,0,0,0,0,0,0,0.17677232830251943,0.12092050317932956,0,0,11,2013-12-31,31800,37100,39700,44100,0.18701761335134778,"A - Agriculture, forestry and fishing"
324895.53207246,516.3784019,"Agriculture, forestry and fishing",2014,NA,0.14395818393614584,0.11751442859780274,0.6317148389347496,0.22445853403962837,2254.36478404,1228.7914671867914,0.058244354959578824,0.06329533928887289,0.6317148389347496,0.22445853403962837,0,0,0.22432697712910465,0.17347000704986879,0,0,0.08571382897656703,0.09095414883220039,0,0,0,0,0.14334333406809743,0.14411048573194965,0,0,0.7200008889116856,0.19117648542974847,0.13665577702021706,0.11174176594823067,0,0,0,0,0,0,1,0,0,0,0,0,0,0,0.22905716304466445,0.17526004507310597,0,0,0.7709428369553356,0.17526004507310597,0.6317148389347496,0.22445853403962837,0.3682851610652505,0.22445853403962837,0,0,0,0,0,0,0,0,0,0,0,0,0.1459155550684664,0.14632259866445352,0,0,6,2014-12-31,33400,39500,41900,46000,0.22905716304466442,"A - Agriculture, forestry and fishing"
314524.0686008,451.10996937999994,"Agriculture, forestry and fishing",2016,NA,0.027092412001923423,0.027905664881038208,0.354498806621332,0.1548198680738041,2430.31131504,823.3097515370126,0,0,0.4336323405064074,0.16525468474477745,0.14220534167422572,0.10167425353530603,0.26325396625142644,0.15657146620648943,0.16090835156794045,0.1433128404043725,0,0,0,0,0,0,0.11204427038826431,0.10576181181321498,0.36230996897017187,0.17547376781340673,0.08621077282296717,0.08370342641755232,0,0,0.22696899004517918,0.14278467170368378,0.16465207066009727,0.09622686080924076,0.047813927113320234,0.04827752778796055,1,0,0,0,0,0,0,0,0.18561818257122142,0.1169427879014895,0,0,0.4131036219832914,0.16438523517259052,0,0,1,0,0,0,0,0,0,0,0,0,0,0,0,0,0.027092412001923423,0.027905664881038208,0,0,11,2016-12-31,25460,32040,35580,41330,0.18561818257122142,"A - Agriculture, forestry and fishing"
293663.62055427,1246.54822845,"Agriculture, forestry and fishing",2017,NA,0.07457626021215316,0.07312957475944894,0.5924793476087026,0.15592774816832158,3099.60896916,1029.8479819879462,0,0,0.2428135829997819,0.1613436923477345,0.2832872907829923,0.1436609846883918,0.4738991262172258,0.16494826496178588,0,0,0,0,0,0,0,0,0,0,0.26824572752650355,0.16080813443274702,0.1828219642633085,0.12591009861613203,0,0,0.32617112423183614,0.1460980480664728,0.22276118397835176,0.13955188147941502,0,0,1,0,0,0,0,0,0,0,0.23054045026965256,0.13496897272189895,0.17162260992687828,0.114440582355516,0.5978369398034692,0.15904668492117205,0,0,1,0,0,0,0,0,0,0,0,0,0,0,0,0,0.18640023228367938,0.16011874596227668,0.0564133507161025,0.056354405682343886,11,2017-12-31,25980,32790,37090,43290,0.4021630601965308,"A - Agriculture, forestry and fishing"
318658.80227238,2913.91753767,Mining and quarrying,2013,NA,0.8078145743217261,0.09890631491110333,0.6796228767767053,0.11059525470516844,5786.38641804,1361.8873546044715,0,0,0.14919619919756838,0.08214971421151952,0,0,0.4563319154969969,0.11725514380235595,0.22594121167643083,0.10057160627673464,0.1151884595560366,0.07674672982181872,0,0,0,0,0,0,0.21962324649076265,0.0981136323964849,0.2800822237151872,0.10779531575541383,0.410315038848411,0.11578351737656531,0.08997949094563923,0.06184237396163839,0,0,0,0,0.9492603458101836,0.04956577971651025,0,0,0,0,0.0507396541898164,0.04956577971651025,0.5035815666553808,0.1178946690187899,0,0,0.20791201378796054,0.09374761947705695,0.4583006495180233,0.11715584822390523,0.5416993504819768,0.11715584822390523,0,0,0,0,0,0,0,0,0,0,0,0,0.16024623695699924,0.08571707544065311,0.05213662624214921,0.050855805741589925,19,2013-12-31,45200,57100,63800,73800,0.5035815666553808,B - Mining and quarrying
324895.53207246,3264.8622829499996,Mining and quarrying,2014,NA,1,0,0.8030856539041816,0.12472898410378823,3264.86228295,1019.1383784367869,0,0,0.1004391543902135,0.09512031677960028,0,0,0.3990315696786012,0.1498549557770108,0.09465394865928949,0.09021793648633956,0.064662345913484,0.06363443339209,0,0,0,0,0,0,0.2040498270536707,0.12849664661923227,0.14041545764551341,0.12691299956723387,0.3898234274770147,0.14887785181145372,0.17105733916451166,0.11178512734821017,0.09465394865928949,0.09021793648633956,0,0,1,0,0,0,0,0,0,0,0.8109448352436209,0.12103108831404337,0.189055164756379,0.12103108831404337,0,0,0.20269955182674237,0.1273951894065441,0.7973004481732576,0.1273951894065441,0,0,0,0,0,0,0,0,0,0,0,0,0.14041545764551341,0.12691299956723387,0,0,11,2014-12-31,47000,58900,65400,74800,0.9999999999999999,B - Mining and quarrying
314524.0686008,3888.7282850600004,Mining and quarrying,2016,NA,0.6971051334295396,0.12251227258059148,0.7965826205937941,0.09678067588182404,4396.08789844,1184.2946554501707,0,0,0.08024231411186707,0.0607797433897013,0,0,0.49106675860964116,0.1348938505210374,0.2060383748198984,0.10964445954081994,0.09292859339663537,0.08752332862807355,0,0,0,0,0,0,0.14671111818279825,0.09855558961841025,0.27342220205072304,0.12180183350817429,0.24722694362769093,0.12155245649961467,0.118696697367031,0.08032820741895887,0.21394303877175685,0.10362237077958542,0,0,1,0,0,0,0,0,0,0,0.8845883828755923,0.089451880821814,0,0,0.11541161712440785,0.08945188082181399,0.3063302728382377,0.12250374197283578,0.6936697271617625,0.12250374197283581,0,0,0,0,0,0,0,0,0,0,0,0,0,0,0,0,15,2016-12-31,49570,60910,69170,81190,0.8845883828755923,B - Mining and quarrying
293663.62055427,2216.22142957,Mining and quarrying,2017,NA,0.748862002060178,0.10756164448558143,0.6090223366579839,0.13849157966865325,3198.06388276,923.7469162428904,0,0,0,0,0.09266252104515543,0.06500924735229274,0.12972921041900742,0.09320512375547663,0.39540986622777174,0.13894564028448905,0.05324860621703212,0.052640310884300774,0,0,0,0,0,0,0.08521717639511334,0.060424049923373926,0.1398930106717866,0.09656183052484267,0.4542905193832958,0.14631830840377516,0.21410208111574,0.11927872756060379,0.10649721243406424,0.07356723059308778,0,0,0.9617244545239166,0.03841375319960543,0,0,0,0,0,0,0.6119372801086929,0.1383139449980923,0.08105120005179468,0.07781201019752491,0.2687359743634291,0.12582189191023127,0.281785654388577,0.14122433261471448,0.7182143456114229,0.14122433261471448,0,0,0,0,0,0,0,0,0,0,0,0,0.03827554547608333,0.03841375319960543,0,0,14,2017-12-31,50730,62140,69620,80900,0.6929884801604875,B - Mining and quarrying
318658.80227238,7651.44807856,Manufacturing,2013,NA,0.5023341550673845,0.07944229943527535,0.41562455016443595,0.07750654697664754,14355.94626862,2272.0508725984596,0,0,0.3294049541907751,0.07461907546194498,0.30239051387082816,0.07442431393385002,0.17926817737507386,0.06081070840242742,0.10654044356192939,0.0429179204776342,0.03035386959287417,0.029813266819059187,0.024214279208459012,0.02393393319014734,0,0,0,0,0.037287051516768886,0.026447605442626893,0.26242441171188263,0.07282277838525582,0.1186757532907493,0.05929445619173442,0.30329593417867734,0.0719012196121079,0.27831684930192185,0.06669613247202234,0,0,0.9641840072957151,0.03497832675503927,0,0,0,0,0.0358159927042849,0.034978326755039264,0.5329811031185695,0.0788792938673709,0,0,0.28307539987823066,0.07089149034115065,0.09055347641844885,0.04133148061615596,0.9094465235815511,0.041331480616155956,0,0,0,0,0,0,0,0,0,0,0,0,0,0,0.04065905201288479,0.028393540192344073,45,2013-12-31,31300,36800,41400,46200,0.5329811031185695,C - Manufacturing
324895.53207246,6927.4603074999995,Manufacturing,2014,NA,0.4830130989422378,0.0745909109068703,0.4678462769251988,0.07435999437609091,12252.0561421,1824.0862314152264,0,0,0.17762073210896961,0.05614711037019721,0.21663645249384758,0.05766490560163249,0.27169488289819743,0.06922877044989051,0.16397305657592723,0.054632965597426954,0.04694991631514065,0.03279358384457088,0.010494903262658466,0.010502979698127869,0,0,0,0,0.12207674001023952,0.056699775395661754,0.08941927771661512,0.04934405836422221,0.18439806292242178,0.05968948589345217,0.35396529777463726,0.0687684430537132,0.23090489609730924,0.05954613774412319,0.019235725478777065,0.01908175092147357,1,0,0,0,0,0,0,0,0.423923734861352,0.07347086414120851,0.1414883255434442,0.05044871612801288,0.40778735449163933,0.07454721670948912,0.20439887234721424,0.06030093529802884,0.7956011276527858,0.06030093529802883,0,0,0,0,0,0,0,0,0,0,0,0,0.10222177192989373,0.05521702274792652,0,0,50,2014-12-31,32300,37900,42500,47600,0.5654120604047962,C - Manufacturing
314524.0686008,7167.7178757599995,Manufacturing,2016,NA,0.36952392962651764,0.07590822611086812,0.4884613817454902,0.07960810024145915,12807.72959468,2031.1710234392906,0,0,0.3196125179462204,0.07590352831637363,0.22147325987099523,0.06662043619854642,0.4067161622895076,0.07701359928473633,0.01862750864205459,0.018517812980143395,0.033570551251222186,0.03286427139830708,0,0,0,0,0.02867143448145033,0.0282113703489707,0.1650602675870141,0.06376289686586921,0.1030456792535816,0.050121154967866226,0.18539204654869398,0.060881544704991526,0.15064197387657335,0.05493987438538334,0.35093689352927815,0.07495623916493657,0.016251704723408516,0.01619480009351109,1,0,0,0,0,0,0,0,0.54016001226897,0.07994186906254139,0.019479994398354065,0.019348563448107287,0.3252863832626919,0.07626465916207659,0.08155390375229866,0.047053937116227774,0.9184460962477013,0.047053937116227774,0,0,0,0,0,0,0,0,0,0,0,0,0.09945578113306708,0.04892836369830412,0.04334266021048594,0.030373475497498963,44,2016-12-31,33160,39460,44570,50000,0.559640006667324,C - Manufacturing
293663.62055427,6353.055750360001,Manufacturing,2017,NA,0.3429126427126824,0.08331792905847671,0.5100712496524266,0.09322144387652564,10122.51448165,1893.4508687255732,0,0,0.27690221072453447,0.09527422802723656,0.09428592821478762,0.04978356631508274,0.3436495577828977,0.08774456057498381,0.17224881238458742,0.06112235640540344,0.024147005658830874,0.023990195334665138,0,0,0,0,0,0,0.17880736104562905,0.07218044216634587,0.2543812515178809,0.09521074410849069,0.15314359634359476,0.060079502637499484,0.17786584417970835,0.06680985345856026,0.235801946913187,0.07077222578003246,0,0,0.9264017651710426,0.05026749960903914,0,0,0,0,0,0,0.5643206962464994,0.09479780292020187,0.06329566941805573,0.03750076884423342,0.3407995308501333,0.09581453696530676,0.1244968434635996,0.09270793125516855,0.8755031565364004,0.09270793125516855,0,0,0,0,0,0,0,0,0,0,0,0,0.07229611344855409,0.05162873928338611,0.024783529441699273,0.024606699073091202,38,2017-12-31,33980,40480,45490,50900,0.6276163656645551,C - Manufacturing
318658.80227238,1151.35125418,"Electricity, gas, steam and air conditioning supply",2013,NA,0.8071914342066213,0.17812914667504512,0.31107261267750463,0.20607114497104964,1426.36703685,697.093912110857,0,0,0.13470263593886278,0.13265032279931005,0.18739527122716962,0.1742227558152413,0.5596380459498419,0.23318485745987108,0,0,0.11826404688412581,0.11842026526489484,0,0,0,0,0,0,0,0,0,0,0.36682948015646305,0.26079002268885254,0.19280856579337882,0.17812914667504512,0.4403619540501582,0.2331848574598711,0,0,0.8817359531158743,0.11842026526489481,0,0,0,0,0.11826404688412581,0.11842026526489484,0.8071914342066213,0.17812914667504512,0,0,0,0,0.3275112017322416,0.2114875754314885,0.6724887982677585,0.2114875754314885,0,0,0,0,0,0,0,0,0,0,0,0,0,0,0,0,5,2013-12-31,38900,44000,49900,56600,0.8071914342066212,"D - Electricity, gas, steam and air conditioning supply"
324895.53207246,994.5722759399999,"Electricity, gas, steam and air conditioning supply",2014,NA,0.4848889882486608,0.23693207117581733,0.7824598734071323,0.19373083473603822,1160.61149469,554.0329499802142,0,0,0,0,0,0,0.3418271458408797,0.21565892515904045,0.33536989593056254,0.2503801381629917,0.32280295822855776,0.20608317500128878,0,0,0,0,0,0,0,0,0,0,0.2175401265928677,0.19373083473603822,0,0,0.7824598734071323,0.19373083473603822,0,0,0.6959718649312113,0.19950093371561844,0,0,0,0,0.3040281350687887,0.19950093371561844,0.8569381575922189,0.13885603184023168,0,0,0.14306184240778105,0.13885603184023165,0,0,1,0,0,0,0,0,0,0,0,0,0,0,0,0,0,0,0,0,5,2014-12-31,39900,45700,51600,59100,0.8569381575922189,"D - Electricity, gas, steam and air conditioning supply"
314524.0686008,1212.62503655,"Electricity, gas, steam and air conditioning supply",2016,NA,0.4449726166756012,0.24955669597831817,0.18007273713500996,0.17059188090689317,1212.62503655,615.1193756088194,0,0,0,0,0,0,0.2648998795405912,0.22598711518992703,0.7351001204594089,0.225987115189927,0,0,0,0,0,0,0,0,0.2648998795405912,0.22598711518992703,0,0,0.2571885452136965,0.22172154798474455,0.2978388381107024,0.24231275147199335,0.18007273713500996,0.17059188090689317,0,0,0.7021611618892977,0.24231275147199335,0,0,0,0,0.2978388381107024,0.24231275147199335,1,0,0,0,0,0,0.2648998795405912,0.22598711518992703,0.7351001204594089,0.225987115189927,0,0,0,0,0,0,0,0,0,0,0,0,0.2571885452136965,0.22172154798474455,0,0,4,2016-12-31,42350,49920,55950,64690,1,"D - Electricity, gas, steam and air conditioning supply"
293663.62055427,444.98784616999995,"Electricity, gas, steam and air conditioning supply",2017,NA,1,0,0.5093968952949905,0.3062888386896525,601.31800745,370.7493439172758,0,0,0.25997917797763437,0.241159487806271,0.2306239267273751,0.22110846511500673,0,0,0,0,0.5093968952949905,0.3062888386896525,0,0,0,0,0,0,0,0,0.25997917797763437,0.241159487806271,0,0,0.7400208220223656,0.241159487806271,0,0,0,0,1,0,0,0,0,0,0,0,0.7400208220223656,0.241159487806271,0,0,0.25997917797763437,0.241159487806271,0.2306239267273751,0.22110846511500673,0.7693760732726249,0.22110846511500673,0,0,0,0,0,0,0,0,0,0,0,0,0.25997917797763437,0.241159487806271,0,0,3,2017-12-31,44150,51590,58000,66750,0.7400208220223656,"D - Electricity, gas, steam and air conditioning supply"
318658.80227238,676.57332808,"Water supply; sewerage, waste management and remediation activities",2013,NA,0.2601298953499237,0.23602813405641832,0.4016824273892532,0.29520837809784806,676.57332808,396.39713810275595,0,0,0.7398701046500762,0.23602813405641832,0,0,0.2601298953499237,0.23602813405641832,0,0,0,0,0,0,0,0,0,0,0,0,0,0,0.5983175726107468,0.29520837809784806,0,0,0.4016824273892532,0.29520837809784806,0,0,0.5983175726107468,0.29520837809784806,0.4016824273892532,0.29520837809784806,0,0,0,0,1,0,0,0,0,0,0,0,1,0,0,0,0,0,0,0,0,0,0,0,0,0,0,0,0,0,3,2013-12-31,31000,34700,38400,41700,1,"E - Water supply; sewerage, waste management and remediation activities"
324895.53207246,709.8824374599999,"Water supply; sewerage, waste management and remediation activities",2014,NA,0.6301264156647135,0.28903309220518947,0.6301264156647135,0.28903309220518947,709.88243746,420.06796781880655,0,0,0,0,0,0,0.22862463039754383,0.2160707764847917,0.40150178526716973,0.29705069216788627,0,0,0,0,0,0,0,0,0,0,0,0,0.36987358433528644,0.28903309220518947,0.22862463039754383,0.2160707764847917,0.40150178526716973,0.29705069216788627,0,0,0.36987358433528644,0.28903309220518947,0.6301264156647135,0.28903309220518947,0,0,0,0,0.6301264156647135,0.28903309220518947,0.36987358433528644,0.28903309220518947,0,0,0,0,1,0,0,0,0,0,0,0,0,0,0,0,0,0,0,0,0.36987358433528644,0.28903309220518947,3,2014-12-31,31800,35500,39000,42800,0.9999999999999999,"E - Water supply; sewerage, waste management and remediation activities"
314524.0686008,964.0038726999999,"Water supply; sewerage, waste management and remediation activities",2016,NA,0.3802093087690975,0.295112141801084,0.8044265694680752,0.1927961594032713,964.0038726999999,580.5281269366583,0,0,0.4242172606989777,0.3042641978272421,0.5757827393010224,0.3042641978272421,0,0,0,0,0,0,0,0,0,0,0,0,0.4242172606989777,0.3042641978272421,0,0,0,0,0.19557343053192489,0.1927961594032713,0.3802093087690975,0.295112141801084,0,0,0.6197906912309026,0.295112141801084,0.3802093087690975,0.295112141801084,0,0,0,0,1,0,0,0,0,0,0,0,1,0,0,0,0,0,0,0,0,0,0,0,0,0,0.4242172606989777,0.3042641978272421,0,0,3,2016-12-31,32480,36840,40580,45020,1,"E - Water supply; sewerage, waste management and remediation activities"
318658.80227238,3170.3625834699997,Construction,2013,NA,0.24858946876157723,0.0790965808110257,0.6784388650234345,0.08293294340221899,9128.02126729,1658.8022555478126,0,0,0.24180588301754627,0.07894939040828552,0.195129838640133,0.0675652324886272,0.4206633180763828,0.09033288848367074,0.12721287380553475,0.06452281419884266,0,0,0,0,0,0,0.012359376443860315,0.012412834373850126,0.06747842829389754,0.04750559471916224,0.15308276293213047,0.06369627070506527,0.24396410567754329,0.0821109501994807,0.35082815442877957,0.08770076350498482,0.1722871722237889,0.06277630103968337,0,0,0.9186413874262936,0.05575037390812517,0.08135861257370644,0.05575037390812517,0,0,0,0,0.3473219979045078,0.09166879348265523,0,0,0.40953434598644817,0.08854117550825527,0.049869976040836685,0.034673929485981234,0.95013002395916335,0.034673929485981234,0,0,0,0,0,0,0,0,0,0,0,0,0.08556056032194907,0.05932065177464204,0,0,34,2013-12-31,31200,36000,38400,42300,0.3473219979045078,F - Construction
324895.53207246,3765.1645379400006,Construction,2014,NA,0.3931756021797247,0.09164065454483737,0.5715274659846106,0.09480774323628378,8517.93450688,1597.9483024917122,0,0,0.22676074676435776,0.07582910613923677,0.33901072966898327,0.09290920887858431,0.25805762207429084,0.07974064072313276,0.15206313315790415,0.06633882462452648,0,0,0,0,0,0,0.0186212740097832,0.01860554881543803,0.043935870264994556,0.03155610773920567,0.19495959017866105,0.08471585232807716,0.17814334691871295,0.0689314143629193,0.3546331862049566,0.08983378522394354,0.1889049798892365,0.07036744252301846,0.02080175253365519,0.020738731811054935,0.9258839660459843,0.05070911646408462,0,0,0,0,0.0741160339540157,0.05070911646408462,0.2947641484167345,0.08301231725166015,0.14726373227415937,0.06319351459890081,0.5579721193091062,0.09230796919245256,0.2012481298800094,0.075927253412108,0.7987518701199906,0.075927253412108,0,0,0,0,0,0,0,0,0,0,0,0,0.027041505822092724,0.026789770207579947,0,0,33,2014-12-31,31900,37100,39500,43700,0.44202788069089394,F - Construction
314524.0686008,4028.8065875400002,Construction,2016,NA,0.3123463972045188,0.08548046975644415,0.5854365630541684,0.09011275356977894,8826.52586255,1642.0290978099993,0,0,0.1029556586363939,0.050204672289214776,0.08927092571078234,0.05025326540548626,0.5928565816027889,0.09027010698921488,0.02832020188153434,0.028011610862191283,0.05011601749413604,0.048452783689917275,0,0,0,0,0.06111244232327705,0.058384909222408625,0.13327771930304433,0.06506867918682946,0.09488926345456064,0.056226895432155095,0.2341003988814059,0.07818519981796744,0.27267695295515443,0.0807532028337345,0.17345920132473042,0.06626009965078115,0.03048402175782735,0.030085077860326992,0.9358636488992905,0.03737949400670394,0.06413635110070956,0.03737949400670394,0,0,0,0,0.37341442945908887,0.09003818004512859,0.0830286434189722,0.04707933116618885,0.4304107523911399,0.09193527174009128,0.07285137592337254,0.04121210402909223,0.9271486240766276,0.04121210402909223,0,0,0,0,0,0,0,0,0,0,0,0,0.10683666724084878,0.06042623616795634,0,0,32,2016-12-31,32480,38320,41190,45720,0.4564430728780611,F - Construction
293663.62055427,3518.98816066,Construction,2017,NA,0.19365196436580345,0.08157599725468151,0.4413676922968375,0.12724292464007014,7089.05807894,1907.678901683405,0,0,0.3292806084484834,0.15440608114337226,0.16578219450498974,0.08634269350823749,0.3396206177097646,0.11080176994045111,0.06115539252780741,0.04376187031354832,0,0,0,0,0,0,0,0,0.25406798011299575,0.15871326522177556,0,0,0.1726390278301962,0.08544155642861397,0.17792196224728873,0.08194296374450401,0.39537102980951927,0.12141420443835832,0,0,1,0,0,0,0,0,0,0,0.4447010861549301,0.1402165543156199,0.05169605454760187,0.03910832430528865,0.4649684539914034,0.13120110508478833,0.10397942555158445,0.06362842796722774,0.8960205744484155,0.06362842796722774,0,0,0,0,0,0,0,0,0,0,0,0,0.0350341756470891,0.035081487097901015,0,0,23,2017-12-31,33230,39280,42240,46890,0.496397140702532,F - Construction
318658.80227238,32041.973100469997,Wholesale and retail trade; repair of motor vehicles and motorcycles,2013,NA,0.2734634057822832,0.034372053240840535,0.2212458671488476,0.03206321652043022,62125.45111314,4728.529989519874,0.006768164190296983,0.006743151668321965,0.33426152381850155,0.036640172827986615,0.14063333320990692,0.026380155128468526,0.4021920720893598,0.03805800679708732,0.05830009277653256,0.01783136429509909,0.008458134457535717,0.006064708324018835,0,0,0.021320543067249422,0.010666836005122972,0.1026522741843101,0.024866090146845786,0.19710630347712715,0.033131076524144175,0.17811669370187552,0.030943661601203598,0.24568773397496768,0.030755744336103015,0.1566999821685152,0.025889652458333294,0.11395437483403062,0.025026180575833498,0.005782637659173732,0.005766985559856678,0.9569081584815442,0.01814535539357956,0.0038728835507660453,0.0038698112454158815,0,0,0.01884585589371061,0.015462780353394268,0.5157624214609989,0.038649810185540735,0,0,0.2977291746030934,0.035858005646805295,0.14387023818712433,0.027085587336096454,0.8561297618128757,0.027085587336096447,0,0,0,0,0,0,0,0,0,0,0,0,0.11141051554386325,0.024682420570408585,0.03042232879915862,0.01361811891165487,197,2013-12-31,29100,34400,38700,43000,0.5157624214609989,G - Wholesale and retail trade; repair of motor vehicles and motorcycles
324895.53207246,33496.17594477,Wholesale and retail trade; repair of motor vehicles and motorcycles,2014,NA,0.2528674460236099,0.03641631386165028,0.22682230376082504,0.03554657645685232,47259.59284733,3971.0304642650694,0.00643819762186525,0.006420628626838923,0.2498437654013154,0.03748633431187773,0.10853734121515596,0.024422436896793628,0.5095162283826237,0.04253420597885239,0.10122704450489729,0.025409347351559138,0.006093725579065589,0.006079201487848271,0,0,0,0,0.10338003969189981,0.030812961338143183,0.2707652768852185,0.03911575360604697,0.10380044475874377,0.025117780037544325,0.2233719784093824,0.033981770777464934,0.18588920109023588,0.031071534001885535,0.10845742934853873,0.024816067755337512,0.004335629815980865,0.004332931389064852,0.9394857040017522,0.020079107985043494,0.00439798640524561,0.0043949746952801905,0,0,0.030439976563219052,0.015304929538192059,0.585447902561927,0.04165346250238276,0.12332197730093795,0.027413159181309574,0.22527126635119696,0.035048403052202325,0.08650381647714439,0.024485826897449426,0.9134961835228556,0.024485826897449423,0,0,0,0,0,0,0,0,0,0,0,0,0.10361157963417882,0.026427637885118746,0.0477593214565224,0.01798946501903653,155,2014-12-31,29800,35100,39300,43800,0.7087698798628651,G - Wholesale and retail trade; repair of motor vehicles and motorcycles
314524.0686008,38818.64088395,Wholesale and retail trade; repair of motor vehicles and motorcycles,2016,NA,0.28128725831009277,0.032454174574533784,0.2549440335401367,0.033323438892919485,63993.83964611,4668.79576708524,0,0,0.3183043400759311,0.03460185328001465,0.08615958729263655,0.018857615859852565,0.3835052565327956,0.03637639688889452,0.1391459619440303,0.02522712619395003,0.01617384408864606,0.00839144299213931,0,0,0.012265049147862953,0.007087768570699253,0.0998258313743536,0.024953711171527698,0.3478521648483886,0.03642989760071031,0.1515826353466768,0.025701876292425634,0.14749164503717574,0.024644980997588908,0.15710349516199304,0.025432077356011044,0.09614422823141229,0.019808811966838237,0,0,0.9942341674298578,0.0057489631581784505,0,0,0,0,0,0,0.5571837239017341,0.03682864445178993,0.0494159284807382,0.01641467033778766,0.30891182019098723,0.03404670592325475,0.08713100622926818,0.020396997280653813,0.9128689937707318,0.020396997280653813,0,0,0,0,0,0,0,0,0,0,0,0,0.1837776945911839,0.03029127355950492,0.02180971090370946,0.010024352179986649,204,2016-12-31,29700,34740,39110,43680,0.6065996523824723,G - Wholesale and retail trade; repair of motor vehicles and motorcycles
293663.62055427,34611.20745538,Wholesale and retail trade; repair of motor vehicles and motorcycles,2017,NA,0.3175476884062436,0.034747263801337504,0.2268421360539511,0.03231147788854927,58032.90802569,4329.5135621507015,0.0024121589062542177,0.002413495764205508,0.30160534821004936,0.03443599788753042,0.08692353495066858,0.020252862609761904,0.35590864618341556,0.03642756427683157,0.19817085760046682,0.03163904147641369,0.02163348722408044,0.010886000761154153,0,0,0,0,0.0811227745226201,0.022159883253522146,0.33525963057972524,0.03670689850116849,0.18224989689346605,0.029094946699686316,0.1692602723586022,0.026913752427813666,0.13830127640350265,0.024689290201006096,0.09380614924208383,0.021614716639885113,0,0,0.9892111811428985,0.007633352311868111,0,0,0,0,0,0,0.5461716671613087,0.03777999534048452,0.050234899955030096,0.016739592863741593,0.32798047870036395,0.0355655407376672,0.11588073674944954,0.02427181576441917,0.8841192632505505,0.02427181576441917,0,0,0,0,0,0,0,0,0,0,0,0,0.10902023287165397,0.02449506538451394,0.018236296809932558,0.00913679978133805,191,2017-12-31,30460,35540,40170,45000,0.5964065671163388,G - Wholesale and retail trade; repair of motor vehicles and motorcycles
318658.80227238,9658.592304529999,Transportation and storage,2013,NA,0.5176389648055625,0.06945461190294572,0.476098276061223,0.06916606560258355,16893.37384363,2327.6734861890527,0,0,0.2631626165371546,0.06097776751737128,0.1952543767468788,0.05224765810071756,0.3178119069160635,0.06546772893708531,0.223771099799903,0.05819666491575263,0,0,0,0,0,0,0,0,0.12442260897295965,0.05356420497137175,0.258889224812788,0.0628327483689176,0.10409112165910306,0.03914986200337229,0.2959454102298915,0.060244559480213344,0.2166516343252577,0.05509696324687799,0,0,0.8549645091223813,0.048931872593817906,0,0,0,0,0.12452352379055501,0.04568787218385704,0.5717385049270056,0.06930352112920865,0,0,0.23621956668736827,0.05997864619732758,0.14728962125811446,0.04959869788222084,0.8527103787418855,0.04959869788222084,0,0,0,0,0,0,0,0,0,0,0,0,0.10347336560358694,0.04555057834840242,0.042006990444811855,0.023965308621961518,57,2013-12-31,30500,35300,40600,47000,0.5717385049270056,H - Transportation and storage
324895.53207246,11570.213093920001,Transportation and storage,2014,NA,0.46304062067644663,0.0729180488115546,0.5233541156870724,0.07392272163907207,16360.08558211,2401.4434586703037,0,0,0.25062953029987584,0.062145273887088126,0.12827565544185487,0.04470039438720764,0.28437245731571376,0.06524236275130317,0.25855295451666294,0.06766489140969001,0.0781694024258926,0.04505262702458554,0,0,0,0,0.01679437597810927,0.016696004780024178,0.25338926585464405,0.06711717902210418,0.29732137788258756,0.07093759597404069,0.1297495972118398,0.04786686681587152,0.14634507662161092,0.04589282884321939,0.1564003064512084,0.04778201070501098,0,0,0.9155637431089869,0.03469757077872069,0,0,0,0,0.07034120935885593,0.03195843862173315,0.6806552588867214,0.06932830485368106,0.026566780744428364,0.018696625750898692,0.17459985893433172,0.05771223904181394,0.2100742960738683,0.056318516074828975,0.7899257039261317,0.056318516074828975,0,0,0,0,0,0,0,0,0,0,0,0,0.11685165428477196,0.04920320936125671,0.06941047194837131,0.04127631841244678,52,2014-12-31,31500,36400,41900,48100,0.7072220396311498,H - Transportation and storage
314524.0686008,8580.176766519999,Transportation and storage,2016,NA,0.4676117227084486,0.07731890438922043,0.7045136264670636,0.0723081853048912,12407.15590992,1911.4794947567807,0,0,0.24605437647471975,0.06676552882827264,0.08072796145240495,0.03551405423340044,0.33466524356965005,0.07171478333354983,0.27860188009858644,0.07163826041117867,0.033818563956669545,0.03307403422818359,0,0,0,0,0,0,0.22237273064684088,0.069175151282076,0.19741137109687476,0.06118591763583264,0.29608334725389024,0.07081562742395003,0.18995600859384998,0.05854410652129637,0.09417654240854414,0.0377621310848016,0,0,0.9645075799049229,0.024809823550239283,0,0,0,0,0.035492420095077165,0.024809823550239283,0.6071620507675697,0.07481077498550837,0.08438860184088323,0.043518114452775626,0.24442572164143572,0.06463443166155519,0.2106133836643993,0.06647183584068805,0.7893866163356007,0.06647183584068805,0,0,0,0,0,0,0,0,0,0,0,0,0.12120405031483934,0.05187699250805388,0,0,45,2016-12-31,32700,37410,43620,48180,0.6915506526084528,H - Transportation and storage
293663.62055427,12858.807693469998,Transportation and storage,2017,NA,0.4006309919984255,0.0671036664478033,0.6597599879219546,0.06512896967181493,18864.96098477,2651.2351794342285,0,0,0.365070160988937,0.07061761573839681,0.04727348738012102,0.02612340958511393,0.38962409135878806,0.06869694582065837,0.1500841823561566,0.04566964695157707,0,0,0,0,0,0,0,0,0.354208220782677,0.06842758443841161,0.1996831923697682,0.06444722747148747,0.13155227112494644,0.04270234692957323,0.22089499854223024,0.05270057616273785,0.09366131718037804,0.03865240801495605,0,0,0.9380387141699539,0.03772738369353968,0.01628519267959385,0.016183438720729405,0,0,0.045676093150452145,0.034604315742691655,0.6158230147933507,0.0707585648346562,0.06580085412697895,0.03343815559860909,0.23893648670670467,0.06613020026022665,0.12141129950913197,0.03966049966147936,0.8785887004908679,0.039660499661479366,0,0,0,0,0,0,0,0,0,0,0,0,0.12362786144815524,0.04386151982007626,0,0,61,2017-12-31,33180,38010,44210,48950,0.6816238689203296,H - Transportation and storage
318658.80227238,4835.36063807,Accommodation and food service activities,2013,NA,0.19897378600691515,0.060377774869930075,0.26201212397679263,0.06970145041222127,15205.03178396,2538.583136846575,0,0,0.4099653491271123,0.08530841923781952,0.05805579095212514,0.03318728033374988,0.3629051972440465,0.07838168238579434,0.1062389583541728,0.0472828632463755,0,0,0,0,0.018539185466048717,0.018457037009094093,0.2384198517529082,0.08733173476865791,0.2721212711948965,0.07038089383650815,0.26041463121090286,0.06815936320063645,0.13418713999745543,0.04948062368189011,0.07582303794630679,0.03760440166418017,0.019034067897530243,0.018940260924900826,0,0,0.9648362553852715,0.024987034671536235,0.014762056748002553,0.014752555334231122,0,0,0,0,0.3180105577398983,0.07383146353585895,0,0,0.3103632663752947,0.08265984550976466,0.12306504560838626,0.049028435829452315,0.8769349543916138,0.04902843582945232,0,0,0,0,0,0,0,0,0,0,0,0,0.19563301409129272,0.059942326622815276,0.031236305985958567,0.030696860119928487,44,2013-12-31,24700,28200,31200,35000,0.3180105577398983,I - Accommodation and food service activities
324895.53207246,10312.79430523,Accommodation and food service activities,2014,NA,0.20933180086285305,0.05893383723531592,0.22663392439995833,0.0610672005262347,16904.1144564,2511.278277907922,0.038682148419341436,0.026991755322940198,0.28834485468386034,0.06850723881922996,0.08294962091605589,0.03622648137100446,0.36072426971064225,0.07134033994800976,0.19787496535339658,0.06250379198319674,0,0,0,0,0,0,0.07801171370977822,0.04341797788627643,0.45521651466732793,0.0751497554278422,0.16133730774979704,0.05085864124368581,0.15011838673212735,0.0486823212486877,0.11691144136993033,0.04686566288499412,0.03840463577103918,0.022476471088026483,0,0,1,0,0,0,0,0,0,0,0.4879475028398862,0.07446731545111739,0.12212848379811922,0.05195953552071126,0.3392358640661529,0.071659586278789,0.1772772102057926,0.05454053588652512,0.8227227897942075,0.05454053588652512,0,0,0,0,0,0,0,0,0,0,0,0,0.08541058132467699,0.041711903391106336,0.0881682734469254,0.04432429699368402,49,2014-12-31,25100,28900,31800,35300,0.6100759866380054,I - Accommodation and food service activities
314524.0686008,8374.2402805,Accommodation and food service activities,2016,NA,0.3418481011427056,0.0723449985519177,0.2693676078004697,0.0679709216963368,16057.25224116,2424.8935831421695,0.01746122028968918,0.01735828793436719,0.26450988113101775,0.06590068719678491,0.08366801607912867,0.03700835938025373,0.42350204361171184,0.07676124326260768,0.15488983220147307,0.051702991910699714,0.015825445073262574,0.015758179114545346,0,0,0.014861832888088223,0.014813040594455366,0.13780746426887688,0.05640866666933312,0.44635383473506607,0.07681298835497676,0.12204256245889494,0.042776816478115105,0.14801264891310603,0.05065624235930431,0.08615974332729637,0.03285144798599764,0.0596237462967597,0.029605659537512277,0,0,0.9450514983411471,0.03259538460200092,0.028171657382354283,0.01985730176305992,0,0,0,0,0.5009744687257195,0.07582882189453326,0.020549398168149016,0.020364312927579693,0.29797395190600495,0.07130337081160662,0.14234088355423907,0.057620721330730845,0.8576591164457609,0.05762072133073084,0,0,0,0,0,0,0,0,0,0,0,0,0.22997165009617068,0.0674205882772631,0.019427498854403254,0.014263520204746456,51,2016-12-31,24360,27600,29580,31660,0.5215238668938685,I - Accommodation and food service activities
293663.62055427,7362.593951569999,Accommodation and food service activities,2017,NA,0.22726870236322,0.05946696533085569,0.3378041870871189,0.07236249962587492,14621.62348179,2191.8692662509006,0.055541515733284405,0.03807146492510528,0.2116957107543481,0.06238465742702977,0.08894213082833355,0.04383693816849951,0.43282751338261366,0.07452430408515559,0.16095746191324345,0.053858089482398445,0.017193810582874006,0.01709419320865623,0.0171345098122667,0.017036258182821187,0,0,0.11422139626150075,0.05390424046474161,0.2798661375206633,0.06760478991083038,0.20251306380565487,0.06215950641458581,0.1867679696622639,0.05721781098018681,0.15949724085184142,0.0506323859718207,0.057134191898075726,0.032479870196181954,0,0,0.9683393052887361,0.03101305066533961,0,0,0,0,0,0,0.44752931031013815,0.07517988226283437,0.05601217130026509,0.03162408828439502,0.4219809189399708,0.07378416612164572,0.1682712685328151,0.05632010123216395,0.8317287314671848,0.05632010123216395,0,0,0,0,0,0,0,0,0,0,0,0,0.16026552506350852,0.05320688277720105,0.05279623325080278,0.02994986983058267,48,2017-12-31,25000,28360,30190,32460,0.5035414816104032,I - Accommodation and food service activities
318658.80227238,2047.35362761,Information and communication,2013,NA,0.5183819272773305,0.1290922033989313,0.5555978036720711,0.1296400209540547,4921.56230683,1266.1246132027454,0,0,0.04404960809276785,0.04357207151498028,0.18393299894095372,0.10214909890926932,0.39266400586417544,0.12630187843561452,0.20357011549150075,0.10538849898016099,0.052108745695263733,0.051117445048411404,0.04824917726642577,0.04752078780592091,0,0,0,0,0.1795135914979522,0.0964555201808275,0.15795305908881424,0.10103672438822203,0.2358227854799949,0.1061484037946638,0.1588849576799659,0.08633700395810444,0.26782560625327273,0.11827984527970256,0,0,0.9174722895600985,0.078356373199502,0.08252771043990152,0.078356373199502,0,0,0,0,0.4159966896626997,0.12627365169524082,0,0,0.43795989880464054,0.12782379330479324,0.24910457554882842,0.11115656558986096,0.7508954244511716,0.11115656558986096,0,0,0,0,0,0,0,0,0,0,0,0,0.08252771043990152,0.078356373199502,0.15223623813930515,0.0979795688416897,16,2013-12-31,39200,48300,52800,60900,0.4159966896626997,J - Information and communication
324895.53207246,3691.1006729500004,Information and communication,2014,NA,0.5200092320134042,0.12292160035561402,0.5409873478720976,0.12157564081161228,6224.39390885,1521.9936520384415,0,0,0.08315160043198877,0.07861343873882094,0,0,0.5806845659592561,0.121571647521651,0.14952155808563694,0.08148583674739951,0.18664227552311813,0.0972806879144188,0,0,0,0,0,0,0.2608735985235877,0.11258755252014217,0.24810199090136267,0.10728092610692772,0.20251814196201728,0.09284106546540175,0.06413075267496211,0.04669733996134951,0.22437551593807015,0.10339330078711896,0,0,0.8600255805740015,0.09228493219625279,0.055890708786178724,0.054428383864644256,0,0,0.08408371063981976,0.07941171896018356,0.49061605985733775,0.12237577858785786,0.1023895768363651,0.06996305865712238,0.35842938452335094,0.11981976621557988,0.2206664669626872,0.11103867338179108,0.7793335330373128,0.11103867338179108,0,0,0,0,0,0,0,0,0,0,0,0,0.11028252125142654,0.07411713006511862,0,0,18,2014-12-31,40100,49800,54100,62600,0.5930056366937029,J - Information and communication
314524.0686008,1949.1776312,Information and communication,2016,NA,0.30944601411797795,0.11050414357545306,0.6306532018961466,0.11685141032969129,4661.40162232,1148.5006203359892,0,0,0,0,0.12016328528911895,0.08132379884998768,0.44167898695141933,0.12440720315649194,0.3133435776068235,0.10661952773799961,0.12481415015263826,0.08360884012785495,0,0,0,0,0,0,0.21836065968360036,0.09891126310711448,0.16494813219662469,0.08939097066626306,0.15746953001116232,0.10618159561161311,0.3037200215855611,0.10938559152198564,0.1555016565230516,0.08679745651885282,0,0,0.9331426009297842,0.06438247436461796,0.06685739907021589,0.06438247436461796,0,0,0,0,0.2830228111375194,0.1109175319108212,0.1351298796469073,0.07479447828023851,0.2834593680199507,0.10384907743192076,0.2200008803510044,0.10137018919043161,0.7799991196489957,0.10137018919043161,0,0,0,0,0,0,0,0,0,0,0,0,0.06685739907021589,0.06438247436461796,0,0,18,2016-12-31,41220,51500,56470,65680,0.41815269078442674,J - Information and communication
293663.62055427,2733.71455622,Information and communication,2017,NA,0.4124005134568893,0.10489678349521481,0.532197786431181,0.10415729786102597,7785.14952156,1630.1886771854645,0,0,0.13093864951944245,0.06289474946350276,0.14250458869384602,0.07611512353973114,0.1136305099574679,0.06309040204939913,0.477011534543509,0.10505596658757867,0.13591471728573468,0.07343190227582586,0,0,0,0,0,0,0.1730675499627417,0.08949526012722299,0.2798962568150344,0.09215867007486614,0.2384879123577782,0.08740806112816797,0.13680978736122934,0.06558325714436816,0.17173849350321638,0.07985544874391441,0,0,1,0,0,0,0,0,0,0,0.2700484255694455,0.09584262179989657,0.08109634674986815,0.05539605155479506,0.5718524260363738,0.10414864769440996,0.15358805387342164,0.0727175354543265,0.8464119461265783,0.0727175354543265,0,0,0,0,0,0,0,0,0,0,0,0,0,0,0,0,24,2017-12-31,42180,52810,57790,67430,0.3511447723193137,J - Information and communication
318658.80227238,2468.58434021,Financial and insurance activities,2013,NA,0.8694049469175406,0.08687464499732621,0.08065885865459699,0.07700577677490318,3820.4124942999997,1028.3190391015228,0,0,0.14760602423203106,0.09764187676096138,0.5695010431664529,0.13361607257146613,0,0,0.19716964327120878,0.10332725013384131,0.08572328933030733,0.08138474733786799,0,0,0,0,0,0,0.06464723874672937,0.06279437980758823,0,0,0.14720143544160436,0.09629452863860452,0.44827154777531164,0.1346483016300495,0.33987977803635466,0.12600310333556675,0,0,0.9385343759292082,0.05990498249544817,0,0,0,0,0.06146562407079184,0.05990498249544817,0.6461564932826213,0.12859828336066442,0,0,0.21785184902199842,0.11190859680111571,0.23053240385273444,0.1165278454360713,0.7694675961472656,0.1165278454360713,0,0,0,0,0,0,0,0,0,0,0,0,0,0,0,0,14,2013-12-31,37600,46500,56700,63000,0.6461564932826213,K - Financial and insurance activities
324895.53207246,2911.81476842,Financial and insurance activities,2014,NA,0.7206088092023724,0.1335592815119314,0.16358091698116878,0.1058290380063798,3911.16316889,1110.8378273968349,0,0,0,0,0.24940107590214272,0.11440256974273824,0.05890249933893241,0.057808751800045924,0.442632867925406,0.1431579479203615,0.08548263985235004,0.08154690677565223,0,0,0,0,0,0,0,0,0.27816586284963507,0.13324129774681456,0.14477495498115467,0.09712231460709846,0.4748317958509165,0.14206230659106653,0.10222738631829374,0.07084760646054931,0,0,1,0,0,0,0,0,0,0,0.5244360689309017,0.14209578953594237,0.22005211596023946,0.11618934728739844,0.16358091698116878,0.1058290380063798,0.10517468994696631,0.09813682456453882,0.8948253100530337,0.09813682456453882,0,0,0,0,0,0,0,0,0,0,0,0,0.09193089812769005,0.08707454183405952,0,0,13,2014-12-31,38900,48300,59100,65500,0.7444881848911411,K - Financial and insurance activities
314524.0686008,2013.8725773099998,Financial and insurance activities,2016,NA,0.5382515694606397,0.16942760660919176,0.14285541795983014,0.13012857562397925,2638.79890664,895.4600075367184,0,0,0.11338587014990714,0.10689039661893479,0.21984611451074268,0.13877887723514284,0.25849750092876594,0.15500417185013785,0.34610634757042447,0.1620245956961908,0.06216416684015971,0.0618891380627959,0,0,0,0,0,0,0.0977637910000828,0.09376963210144458,0.12340839757079186,0.11501901658856994,0.12493415899954982,0.11623631479701085,0.2911921199590026,0.14949859987450437,0.3627015324705728,0.16578517175554436,0,0,1,0,0,0,0,0,0,0,0.6397693391800078,0.16452877784426223,0.12340839757079186,0.11501901658856994,0.2368222632492003,0.14573873326218278,0.11338587014990714,0.10689039661893479,0.8866141298500928,0.10689039661893476,0,0,0,0,0,0,0,0,0,0,0,0,0.0977637910000828,0.09376963210144458,0,0,9,2016-12-31,39780,49820,61650,67340,0.7631777367507996,K - Financial and insurance activities
293663.62055427,2180.3405816,Financial and insurance activities,2017,NA,0.6216504349937291,0.14440602083762383,0.0909101212949616,0.08694284405742189,3184.39043317,987.2169573977421,0,0,0.13095852209456033,0.11963286828572019,0.2041020346217397,0.1278343059779798,0.1425554166070331,0.0960330156604388,0.43351948324243117,0.15312941300348593,0.08886454343423568,0.08517643122456395,0,0,0,0,0,0,0.0909101212949616,0.08694284405742189,0.06449800394782033,0.06343991859614688,0.1288914980162825,0.11803594340199672,0.40117558795649105,0.14838400779180644,0.3145247887844445,0.14911906470444564,0,0,1,0,0,0,0,0,0,0,0.5537378514683738,0.15410231733921584,0.13095852209456033,0.11963286828572019,0.25080562248924554,0.12895169010720517,0.2598500201108428,0.1507363805922492,0.7401499798891572,0.1507363805922492,0,0,0,0,0,0,0,0,0,0,0,0,0.28429962325906444,0.14252135489126205,0,0,11,2017-12-31,41050,51440,63490,69350,0.6846963735629341,K - Financial and insurance activities
318658.80227238,574.72012138,Real estate activities,2013,NA,0.07563058502043733,0.07435516387337557,0.39195518557444575,0.16409589153945586,2600.67461936,891.3814589775988,0,0,0.07563058502043733,0.07435516387337557,0.09517219506333714,0.09165563271865731,0.5017991701826781,0.17145041112623782,0.21860537691558946,0.143304673333392,0.10879267281795801,0.10322242549150695,0,0,0,0,0,0,0.25415094857297316,0.1543108415477604,0,0,0.27849219686245674,0.14451614749924188,0.28796332406408326,0.1655975158815712,0.1793935305004868,0.11983340938305509,0,0,1,0,0,0,0,0,0,0,0.2209888607754525,0.14398347299212358,0,0,0.5956911374254279,0.16649089943146483,0.14535827575501517,0.13219419637230165,0.8546417242449849,0.13219419637230165,0,0,0,0,0,0,0,0,0,0,0,0,0.10879267281795801,0.10322242549150695,0.17701004664062375,0.11878313899864078,9,2013-12-31,32500,41700,50400,58700,0.22098886077545252,L - Real estate activities
324895.53207246,273.37371169,Real estate activities,2014,NA,0.18317309877742685,0.16444121871193326,0.46798767429791505,0.206530848654506,1444.7053447600001,599.1204438001712,0,0,0,0,0,0,0.7066045745470576,0.18466891308594607,0.18922454511678563,0.16859324164865785,0.10417088033615671,0.10227674833072935,0,0,0,0,0,0,0.18922454511678563,0.16859324164865785,0.1596146818078724,0.147421829501331,0.3536565269403621,0.19965771863295692,0.19333336579882313,0.1713600079088956,0.10417088033615671,0.10227674833072935,0,0,0.8107754548832142,0.16859324164865785,0,0,0,0,0.18922454511678563,0.16859324164865785,0.18922454511678563,0.16859324164865785,0,0,0.8107754548832142,0.16859324164865785,0.18922454511678563,0.16859324164865785,0.8107754548832142,0.16859324164865785,0,0,0,0,0,0,0,0,0,0,0,0,0,0,0,0,6,2014-12-31,32800,42000,51600,61000,0.18922454511678563,L - Real estate activities
314524.0686008,1528.1919795,Real estate activities,2016,NA,0.31899163357159044,0.13281394203008293,0.5106654376010453,0.14353574076529535,3361.92374249,963.3628947184062,0,0,0.15490714951918605,0.10159946350047097,0.09787007637368463,0.09215929202003134,0.3389905312503946,0.13483179664803344,0.32700392015904567,0.1346064067568103,0.081228322697689,0.0779111778455753,0,0,0,0,0,0,0,0,0.04612115613162549,0.04589507775127726,0.3395941333649676,0.1375279099854666,0.17626223695993384,0.11232465557768544,0.34284953944443264,0.13775778748191203,0.09517293409904037,0.07297291693117806,1,0,0,0,0,0,0,0,0.35188073467241016,0.13558090356212998,0.10267805266288749,0.0961609286877947,0.5454412126647022,0.1430938795356304,0.10483170292225874,0.08085498972082736,0.8951682970777413,0.08085498972082736,0,0,0,0,0,0,0,0,0,0,0,0,0,0,0.08775812771157095,0.08357463578799391,13,2016-12-31,33190,41780,52780,59050,0.45455878733529764,L - Real estate activities
293663.62055427,0,Real estate activities,2017,NA,0.08753387756796599,0.08581722096386186,0.6355740177101807,0.178089117049141,2173.200422,801.1236904047521,0,0,0,0,0.09201138879127276,0.08978563794154273,0.5463362340079649,0.18223481230715996,0.36165237720076243,0.1760410897311961,0,0,0,0,0,0,0,0,0.3168729153044496,0.18046215991051665,0.08753387756796599,0.08581722096386186,0.14625228602592275,0.1343376004687475,0.2551803308549146,0.16350807222152794,0,0,0.19416059024674717,0.1292018003385617,1,0,0,0,0,0,0,0,0,0,0,0,1,0,0,0,1,0,0,0,0,0,0,0,0,0,0,0,0,0,0.171969298177322,0.1530681326748972,0,0,8,2017-12-31,33410,42620,53260,60000,0,L - Real estate activities
318658.80227238,3828.10533668,"Professional, scientific and technical activities",2013,NA,0.21094500147098663,0.06126267445550376,0.24706993893909174,0.069992636643023,14592.599587069999,2233.5210165799126,0.021163847127255418,0.020966735400915298,0.04784753158776923,0.04609489099094862,0.2006814512257851,0.059420361003458023,0.2801557477224561,0.06851268903635595,0.3144821823190609,0.07188597826170098,0.1021879136950547,0.042000742875553325,0,0,0,0,0.034556752853468195,0.03376441965717415,0.19126848606625935,0.06820926049101292,0.07717330065287688,0.034413352148778054,0.2705898702708685,0.067729984208304575,0.16795590087537726,0.05310354077851802,0.25845568928114987,0.06533998174833346,0,0,0.9273435859064175,0.03624327505019925,0,0,0,0,0.07265641409358257,0.03624327505019925,0.26233196585973295,0.06434746187034929,0,0,0.39991973982216045,0.07370725016346963,0.1257133740348412,0.04622910228334976,0.8742866259651588,0.04622910228334976,0,0,0,0,0,0,0,0,0,0,0,0,0.1037424747747749,0.058105974662358964,0.030026244532758876,0.021551743914313994,48,2013-12-31,38300,47400,52800,61900,0.26233196585973295,"M - Professional, scientific and technical activities"
324895.53207246,5602.90641571,"Professional, scientific and technical activities",2014,NA,0.32049135046475435,0.06940127653721587,0.26274447141515184,0.06835742870851186,13791.25165372,2098.327979288806,0,0,0.07544533039677681,0.037324370360443136,0.18571666085790944,0.05778790442940941,0.22558938877536958,0.06928220384276215,0.2666525231361471,0.06571495676963987,0.20582490896280115,0.06126391685182401,0.022050293982415505,0.021822092086390892,0,0,0.0644427632317385,0.04451917139356818,0.11861713949500327,0.056544306539823286,0.16589193125287377,0.059628518225538996,0.2109512920312248,0.06034658335736288,0.19140572550555776,0.056669148619544744,0.22870288868952843,0.0597354037866933,0.019988259794073416,0.019823009599118774,0.8918528948271571,0.04679859295910762,0,0,0,0,0.10814710517284287,0.04679859295910762,0.27518014307470995,0.06729811618433097,0.13108511524930105,0.04792762338690833,0.49014492698903517,0.0763872896297342,0.1733315836141099,0.06180657577475873,0.8266684163858901,0.06180657577475874,0,0,0,0,0,0,0,0,0,0,0,0,0.04063312269041547,0.02823496908714537,0.07642636570014977,0.04311545058180683,47,2014-12-31,39600,48800,53900,63300,0.406265258324011,"M - Professional, scientific and technical activities"
314524.0686008,4850.72255527,"Professional, scientific and technical activities",2016,NA,0.5203567687114188,0.07669008461811287,0.42089758165557034,0.07498674552813078,13137.09949777,2015.0233676623352,0,0,0.06545535698621796,0.036671514367530855,0.04865699920355365,0.03357190418136173,0.23292773791196672,0.06358933505425836,0.32734504563583305,0.07254013907108643,0.20206669094731367,0.062205364996461295,0.07634258384053831,0.043445300402796476,0,0,0.050887829261967596,0.03514888000381154,0,0,0.2288238176242996,0.06827447265355192,0.1690350698871504,0.05543246866054992,0.18509637240570226,0.06009981293772896,0.36615691082088025,0.07300382587853389,0,0,0.9036256434226662,0.04639935319684823,0,0,0,0,0.0684763701228496,0.03880214224418916,0.25048278898919635,0.06473634411188191,0.11875568378734022,0.05116890517522953,0.5064297061660634,0.07694168309133642,0.049522178391085074,0.029130778506233364,0.950477821608915,0.02913077850623336,0,0,0,0,0,0,0,0,0,0,0,0,0.08899418915708579,0.04338524370587041,0.022989842807483292,0.02273446342957267,45,2016-12-31,39720,49170,54120,63380,0.3692384727765366,"M - Professional, scientific and technical activities"
293663.62055427,3242.4710174899997,"Professional, scientific and technical activities",2017,NA,0.22676187169302758,0.06815147106787074,0.39801841678057276,0.08275203919040768,10963.38998787,1855.4840197271144,0,0,0.11950652280541094,0.05775513814804426,0.02903869382574545,0.028613407076747515,0.23502234552002813,0.06879921614793687,0.31221010677966476,0.07709176153188574,0.17172708825947536,0.06504021896466143,0.026201553236528563,0.025893164208837735,0,0,0,0,0.09171758921761741,0.04446672014765491,0.2586035181295987,0.07564543672006409,0.1585372273679087,0.060241213767433174,0.24754328756640967,0.07511567761959977,0.2435983777184656,0.07250095909056556,0,0,0.9254804920509148,0.041854820821470094,0,0,0,0,0.07451950794908524,0.041854820821470094,0.23975605208591877,0.0685450970244739,0.055998365213611866,0.03883563597545741,0.6508658672194461,0.07901384858157581,0.10128704816472021,0.05522656410987545,0.8987129518352799,0.055226564109875434,0,0,0,0,0,0,0,0,0,0,0,0,0.023586241255314378,0.023370982282163912,0.05731600677575487,0.03936366684048174,37,2017-12-31,40270,50000,55290,64820,0.2957544172995306,"M - Professional, scientific and technical activities"
318658.80227238,8907.236422810001,Administrative and support service activities,2013,NA,0.23500916035401873,0.05773418161623132,0.3111423183253137,0.06683501625994347,17647.91377269,2564.387843888536,0.03837515132060682,0.02670504141314698,0.18352113414175686,0.054664802328895874,0.1422986039327875,0.04676403841920001,0.30220126571238787,0.0720004697933273,0.22283427749945176,0.05808532466576316,0,0,0,0,0.05984474063015652,0.0336433994439134,0.05939271654602116,0.033354755745107635,0.25868081835738416,0.07219662980342881,0.28448008943975867,0.0633173648969015,0.13603259192681744,0.04551304453048673,0.1614266759461712,0.04752884835749054,0.0999871077838474,0.043982337955472295,0,0,0.776812707308484,0.05660909356594653,0.18510694738804032,0.05207229032978798,0,0,0,0,0.5047189451137207,0.07300118812571273,0,0,0.2544522937090214,0.06152504438759305,0.07892168003933422,0.03689495197956845,0.9210783199606657,0.03689495197956845,0,0,0,0,0,0,0,0,0,0,0,0,0.16440016611367222,0.05014620311373219,0.05988115292388578,0.03526779127234649,55,2013-12-31,27300,31200,35700,38500,0.5047189451137207,N - Administrative and support service activities
324895.53207246,10349.30803553,Administrative and support service activities,2014,NA,0.3961608617404755,0.07563639880362609,0.4023200567108385,0.07714515428142146,14966.18892624,2322.1831201547748,0.022327329231701123,0.022100452546379202,0.33235958554411166,0.07482436470187319,0.053976784710611875,0.031110454268422412,0.26998404199452664,0.06857766998040747,0.24194141637297234,0.06733137155583571,0,0,0,0,0,0,0.028125071289324576,0.02767402482469683,0.3663096373852421,0.07788422179897418,0.23130205377072544,0.06618454424849131,0.14850876537667715,0.05315604224302936,0.12843368989415202,0.04266092957123429,0.09732078228387873,0.04337707549841893,0,0,0.814707133657927,0.05764531380070826,0.1334302968572573,0.048333155455785315,0.05186256948481561,0.035821410914059916,0,0,0.6591247458806675,0.07354131015264846,0.03238784202905143,0.03172778444840644,0.28109730593765303,0.06849310440448941,0.12209689885486995,0.05269459110623846,0.87790310114513,0.05269459110623847,0,0,0,0,0,0,0,0,0,0,0,0,0.19807771714363706,0.061675064961739426,0,0,45,2014-12-31,28300,32200,36900,40000,0.691512587909719,N - Administrative and support service activities
314524.0686008,12344.33528696,Administrative and support service activities,2016,NA,0.3855201942844254,0.06066317918976927,0.36972568052347415,0.06049781483205999,20693.99151673,2591.0190388819988,0.015801733487502256,0.01567827790938525,0.3662803864663871,0.06048889435521244,0.10320945049452186,0.038516948546916945,0.294341932053836,0.05811833156120815,0.19059120840759064,0.04875362133432279,0.016477691718599974,0.016337723161153988,0,0,0,0,0.01090003262723107,0.010868598869683629,0.25589817060613096,0.05832546100955667,0.24491491289211043,0.05046688046523895,0.1983594411818255,0.05289622043626199,0.15097111892378295,0.04230451334709857,0.13895632376891914,0.0428970515178619,0,0,0.8151596458190475,0.045930582492672005,0.15361790371035827,0.04186753919019133,0,0,0,0,0.5813746204599342,0.06231797667366289,0.015143227582105357,0.015034965686447401,0.27019455764972383,0.05661427838405416,0.1538451462491502,0.04357689282793794,0.8461548537508499,0.04357689282793794,0,0,0,0,0,0,0,0,0,0,0,0,0.2618728827243824,0.05600317721574122,0.02973250305300334,0.02245584125097353,70,2016-12-31,29230,32620,36960,39120,0.5965178480420396,N - Administrative and support service activities
293663.62055427,11974.58357008,Administrative and support service activities,2017,NA,0.36282915775243374,0.05879467753279709,0.34546593893896366,0.059458952402740926,21003.59134604,2593.850072647243,0,0,0.33687838448799556,0.05809501424931385,0.06873034406004914,0.027858177665235326,0.27972772953791647,0.05674159911682622,0.18563412262613418,0.04789047139971699,0.04566232989344571,0.03189335351276814,0.010708599027870825,0.010677488896784606,0.015509568470128222,0.015389637870078675,0.03630163506603143,0.025504819514942156,0.2556697273850956,0.0560511091042607,0.2099106014191828,0.046336343321209915,0.1879221586176105,0.05072733300250549,0.20017592357902625,0.04923866932239369,0.1100199539330534,0.03789493794134385,0,0,0.7548266541016622,0.05119506813904827,0.20597038229300926,0.047914219010117165,0,0,0.029717788678443435,0.02071358945680749,0.5124819590826513,0.062162290271283026,0.0576388061139006,0.02863357947816636,0.34628790616854677,0.060565832265596455,0.12211432509200731,0.03976226337879717,0.8778856749079926,0.03976226337879717,0,0,0,0,0,0,0,0,0,0,0,0,0.17089332307813812,0.04891370398877835,0.016443718967381123,0.016301074058480892,70,2017-12-31,30000,33400,37740,40000,0.5701207651965519,N - Administrative and support service activities
318658.80227238,16207.37216253,Public administration and defence; compulsory social security,2013,NA,0.7445108163929758,0.06505156233631706,0.20463072787132716,0.059799985698979326,16207.37216253,2327.3061611107855,0,0,0.15192951973811022,0.053483823499891114,0.20423826424760008,0.061521084333014314,0.14850681144131125,0.04992099144332876,0.28350828164870895,0.062358434483062455,0.16382652801288664,0.05465668096020555,0,0,0,0,0,0,0.037579528356120856,0.03654722460401246,0.13168384116915594,0.04802241428460751,0.1855420031405374,0.052646424518563155,0.34458780166606556,0.06653157118637833,0.3006068256681202,0.0688954561566253,0,0,0,0,0.39538834317170807,0.07208694047391091,0.07740250126484241,0.03460937463310026,0.5272091555634495,0.07228464938339584,1,0,0,0,0,0,0.1685643487872825,0.05631288730781545,0.8314356512127175,0.05631288730781546,0,0,0,0,0,0,0,0,0,0,0,0,0.052925725261194836,0.031733663625450784,0.08405343862464529,0.03645140429399246,55,2013-12-31,35600,40900,43400,48000,1,O - Public administration and defence; compulsory social security
324895.53207246,14214.65248391,Public administration and defence; compulsory social security,2014,NA,0.8692958784125726,0.05159989486571183,0.23056176113202478,0.060047487430947025,14214.65248391,2117.9653956319266,0,0,0.030694072698848433,0.03009223629665873,0.22899914437617072,0.06516121794089963,0.2271171634378199,0.05828025518624932,0.21674390376813008,0.05754298357778206,0.18335184649432207,0.059337125858310524,0,0,0,0,0,0,0.028234758029033587,0.027751892350753034,0.09002474338493313,0.04490512407885994,0.34367500946644536,0.06963806309437212,0.2802407255597049,0.06550169741349278,0.24205802730631043,0.06748009435060234,0.015766736253572628,0.0156958589574199,0.021519885796452285,0.02129839365479586,0.3130785097009887,0.0705884611920684,0.08774619436611879,0.04270592640088196,0.5776554101364403,0.07439357076449646,1,0,0,0,0,0,0.11782911906118498,0.04654015534770094,0.882170880938815,0.04654015534770094,0,0,0,0,0,0,0,0,0,0,0,0,0.07895049032752038,0.04415677754840337,0.04558342909567697,0.03446967029849214,49,2014-12-31,36900,42400,45000,49800,1,O - Public administration and defence; compulsory social security
314524.0686008,12299.88376415,Public administration and defence; compulsory social security,2016,NA,0.7787251656066293,0.06533219986123237,0.3070480608790526,0.07018100731671732,12299.88376415,1940.947835136268,0,0,0.08371358372516755,0.05057579760161763,0.0761423251323482,0.04244008865359307,0.28392429600990915,0.0726429582433443,0.37438846828388955,0.07496812265533817,0.10736047004272292,0.046562943527113695,0,0,0,0,0,0,0.09608057094201886,0.0512661799799872,0.0909731490001058,0.04370286626059735,0.27791054027624984,0.06852132970177609,0.31434823930282857,0.07646868364432054,0.22068750047879696,0.062282070229370066,0,0,0,0,0.4499287454715585,0.07921444853339876,0.026696775243281515,0.019692635219115868,0.52337447928516,0.07921905395352818,1,0,0,0,0,0,0.09777047916542689,0.043561025176271535,0.9022295208345732,0.043561025176271535,0,0,0,0,0,0,0,0,0,0,0,0,0.19154821609835077,0.06612714581020472,0,0,44,2016-12-31,37450,43990,46790,52500,1,O - Public administration and defence; compulsory social security
293663.62055427,13217.025348809999,Public administration and defence; compulsory social security,2017,NA,0.7552719500593811,0.06285643433200575,0.29913373261298687,0.07050657100689121,13217.025348809999,2008.0720932423108,0,0,0.05243331357856522,0.031647587913665814,0.1687596441835397,0.06081857632230314,0.2879124502150263,0.06730407209671924,0.3657286006382077,0.07394262757447587,0.08644664423397444,0.04236797652777412,0,0,0,0,0.019185143730758625,0.019041423928864366,0.037806091400512394,0.02639377701923965,0.15350691549159157,0.05204273760916748,0.21766037884757602,0.06202509463681508,0.3262913435615289,0.07148500333677983,0.24555012696803255,0.06909486313304768,0,0,0,0,0.5103500232786734,0.07638626861170981,0,0,0.4896499767213266,0.07638626861170981,1,0,0,0,0,0,0.25614165019172097,0.06683812071113504,0.743858349808279,0.06683812071113504,0,0,0,0,0,0,0,0,0,0,0,0,0.037806091400512394,0.02639377701923965,0,0,47,2017-12-31,38810,45270,48150,54070,1,O - Public administration and defence; compulsory social security
318658.80227238,48068.56238986,Education,2013,NA,0.8074379340023421,0.033200891122236474,0.14812164840723274,0.02824431496438256,49324.90550904,3866.558286404755,0,0,0.09314497190122278,0.022350549892782998,0.0661036054875447,0.01823949921718861,0.21379648609072915,0.03420026987972686,0.47479290652909356,0.039630137832502625,0.13132738411901873,0.027714548863055376,0.00621208479930778,0.006193690261695284,0,0,0.007202955447626459,0.007174463569726592,0.13960244864144736,0.03067945652911856,0.16007484372723071,0.030133229972336355,0.23563418142726836,0.03279934765018728,0.28817536325690263,0.035167992068062794,0.1532767551871818,0.027919531876234794,0.01603345231234265,0.009258067025708137,0.07556727749466995,0.021302293543492383,0.6918363085984179,0.03706751696776516,0.12286996542221973,0.026043063059190644,0.10972644848469244,0.025723593411051997,0.9745292341421771,0.011616770147205933,0,0,0.013111507224711702,0.007551899972876688,0.17852731029877214,0.029844352802098493,0.8214726897012279,0.029844352802098493,0,0,0,0,0,0,0,0,0,0,0,0,0.044028778645343374,0.01551839080451798,0.016741780248289664,0.012530489780455695,175,2013-12-31,36900,41100,41900,45100,0.9745292341421771,P - Education
324895.53207246,46945.54229063,Education,2014,NA,0.8359722657878013,0.02977566788967823,0.22213848609021064,0.03252942144841092,49087.77863842,4045.9569538833384,0,0,0.10239896745716319,0.024120765334725278,0.09496602310766218,0.02377144485594735,0.11855147592531824,0.02772416962949129,0.5305453617466497,0.04165109237711985,0.14432494623183123,0.029795461482685495,0,0,0,0,0.017343427494876808,0.012186806171853396,0.09667962704133384,0.029319193539114337,0.222312254334295,0.035737174125802164,0.24128235365003728,0.03509952641535208,0.2417652043211705,0.033995157172197754,0.17466418811014198,0.030292579675127104,0.0059529450481445876,0.005938800635665347,0.08753725521787654,0.027702608376074016,0.6314971174337859,0.04111901361062054,0.14576928919736334,0.030109059183519086,0.13519633815097423,0.027876629774510407,0.9326377898295861,0.025626078920166467,0.023721279429389956,0.014744638635806658,0.04364093074102391,0.021634313755593985,0.2333706204799396,0.036612526757068505,0.7666293795200604,0.036612526757068505,0,0,0,0,0,0,0,0,0,0,0,0,0.040864250499002934,0.01818934019340868,0.02859910004506137,0.014575988991273388,161,2014-12-31,38400,42700,43500,46900,0.9563590692589761,P - Education
314524.0686008,42502.02427148,Education,2016,NA,0.7489619398566302,0.03768234007297203,0.17506077293347067,0.031030204490530167,44036.23599217,3645.3404182053587,0,0,0.09205278308642849,0.02449722119836387,0.05764720988418215,0.018987084702498557,0.20813172997051047,0.0347418121963541,0.4947751007030685,0.04192405289334549,0.13338056636299184,0.029633635866577305,0.009875897170623945,0.0071255243128088095,0,0,0.028560131208617053,0.014257166262878446,0.10260592668622734,0.026147435808060282,0.20683876861613576,0.034935795199379234,0.26404180667796967,0.03718992418836124,0.2477466165468787,0.03624367555020328,0.15020675026417152,0.027487547773938265,0,0,0.15134939420764904,0.031852100668008775,0.6600753091535433,0.04003150306546085,0.13156600403608887,0.0274311341627046,0.05700929260271888,0.019104917831345346,0.9568650360966876,0.019494096587849268,0.008295207822370457,0.00825624188191268,0.016504984945108252,0.012487833193595635,0.16734961516307498,0.030249987274215587,0.8326503848369251,0.030249987274215583,0,0,0,0,0,0,0,0,0,0,0,0,0.0911827119364598,0.025628154807521685,0.025817824140604427,0.012194587545883085,157,2016-12-31,36830,42830,42860,47640,0.9651602439190581,P - Education
293663.62055427,41512.64569812,Education,2017,NA,0.7632149121763605,0.03625318825080605,0.21128882872695218,0.03400334955425404,41962.16458551,3457.961997540542,0,0,0.05949762429991804,0.019236087070224745,0.03716310735882518,0.014297947926017109,0.19472517433577693,0.03343857299958301,0.5259935935459737,0.04165689553549362,0.14686623821470096,0.02920329707886262,0.02033716290852845,0.012201377421921629,0,0,0.022534820644512926,0.01286221994432322,0.11744584050275114,0.02864009633343802,0.2347896543964775,0.03542099232132263,0.2646701404127534,0.03654716650010126,0.16819536730350537,0.031046405036361455,0.18230339522097905,0.031585230756118146,0.010060781519020607,0.0076078181861126545,0.11168906528426263,0.02586112333420676,0.6185864149256332,0.040196865211251764,0.22429977818446725,0.03378855468053793,0.04542474160563692,0.018267936816017634,0.9892875190822443,0.00755819524460124,0,0,0.010712480917755701,0.00755819524460124,0.17907216278792146,0.03157305483863907,0.8209278372120785,0.03157305483863907,0,0,0,0,0,0,0,0,0,0,0,0,0.07265991693938598,0.022891015055003013,0.017073265954621216,0.009892590426350911,154,2017-12-31,37580,43980,43990,49190,0.9892875190822443,P - Education
318658.80227238,165382.05817868,Human health and social work activities,2013,NA,0.6685277317721627,0.020701713910498503,0.09548786971908933,0.013209954883199652,175697.97875118,7244.722047355879,0.0013893218656527123,0.0013888280159344752,0.15542816281616784,0.01589083318291172,0.13913818258797594,0.014443230436242122,0.30635632354312725,0.02020025059856744,0.3586588636561466,0.02080193268733809,0.0225867361165266,0.006366456109075212,0,0,0.006711338971064178,0.004144608051960735,0.027629950041854975,0.008659894465040561,0.17680677091540742,0.017831402528847483,0.2496137721059324,0.01843647362169708,0.19500037004631676,0.016380014945278833,0.23150003747260997,0.017642215227086328,0.11533051796689443,0.014433827030495238,0.004118581450984052,0.0030259546892924985,0.15887617884006264,0.01581719096418432,0.6240190594003271,0.0210916197800059,0.01976579724328033,0.0054595581330659365,0.19411809353561468,0.017522350652091234,0.9412860600570186,0.010276435868476918,0,0,0.0321033334597887,0.0075293023706036995,0.21185473138261707,0.01873314448669947,0.788145268617383,0.018733144486699473,0,0,0,0,0,0,0,0,0,0,0,0,0.08050610764476426,0.012244525601380953,0.034676494551984606,0.007873805458353167,598,2013-12-31,31200,36200,38400,41100,0.9412860600570185,Q - Human health and social work activities
324895.53207246,154942.6669686,Human health and social work activities,2014,NA,0.7240533578455637,0.020720399329419586,0.09437915900706799,0.013506054859063506,160395.38168375,6968.646728733129,0.004906332597540917,0.003517286596169534,0.1310897598935681,0.015253596113255434,0.14237658923388827,0.015190447650419284,0.31489109684513433,0.02138092545678452,0.3769526140177232,0.022142600237034783,0.01882490911910031,0.005811810610705965,0,0,0,0,0.022173162903108164,0.008165094300007936,0.15375469866061933,0.017316340433102043,0.22248438658383998,0.019393576185562478,0.2683286550802874,0.019916579863558985,0.2322641628178768,0.018403232042890946,0.1009949339542684,0.013139125181713075,0,0,0.1800336046778805,0.017840040232004205,0.6234863061556071,0.022161270987576993,0.0393074450760121,0.008755046508340726,0.15410635130739697,0.01649119794092261,0.9438748518136291,0.010962857109268203,0.022129688604491833,0.007263060730705021,0.017597111550724614,0.00596087622381757,0.13446605319625032,0.015258159300670194,0.8655339468037497,0.015258159300670192,0,0,0,0,0,0,0,0,0,0,0,0,0.07679469894324217,0.012922446555899025,0.03189875381866032,0.007761662911672161,532,2014-12-31,32300,37500,39800,42900,0.966004540418121,Q - Human health and social work activities
314524.0686008,152845.83267025,Human health and social work activities,2016,NA,0.6799669298786511,0.021566091105065417,0.11594115481969175,0.015303536593156501,159331.78559683,6790.899384294473,0,0,0.1369973912817574,0.015594504109330484,0.09091228414230607,0.012456815997755848,0.3176074015708942,0.020886416636953103,0.38785446785829214,0.021745268810460863,0.037125167054034985,0.00840728508335378,0.0027429472862739016,0.002738414628625527,0.0019008735498413053,0.0018993353430671494,0.010843494028879908,0.0046103789986673156,0.17884159596568863,0.018414740044071988,0.23082190919343906,0.01879117926693482,0.25772634267664285,0.019540078937878434,0.18530824106817406,0.016752521878930185,0.1364584170671754,0.014612168850365998,0,0,0.17404782602374683,0.017174144154225014,0.6317136203468401,0.021597892396563796,0.009548518418538758,0.004576605513971957,0.18469003521087424,0.017183854859616546,0.9428980602427202,0.011198572672321615,0.01639472680360127,0.005836683031461276,0.027574429326846197,0.007259482471572326,0.14760964889574374,0.015605407469835778,0.8523903511042562,0.015605407469835776,0,0,0,0,0,0,0,0,0,0,0,0,0.08766375378151724,0.013620212557843172,0.04643846549729001,0.00970694336967671,552,2016-12-31,33030,38600,40390,44000,0.9592927870463215,Q - Human health and social work activities
293663.62055427,142139.51102056997,Human health and social work activities,2017,NA,0.693961327700147,0.021054012070235478,0.120004546319927,0.01505448080216316,152778.52635826,6569.226253768749,0,0,0.14046719245299058,0.01590661146494987,0.11437553257022406,0.014455973801973433,0.35233264270931186,0.021597524147493323,0.32978345058939623,0.021054498528847693,0.03759902876298055,0.0082341112819246335,0.003651440342877997,0.0025782707606702574,0,0,0.013631481436444711,0.0061425995492578826,0.18671354472963045,0.018667265684542238,0.17616204229269883,0.016927733135911137,0.28281545909245476,0.020122685986992555,0.20567010050356574,0.017755626507176575,0.13500737194520557,0.015040162983182318,0,0,0.20524977470235065,0.018512739845781667,0.6240555235798378,0.021898442706420593,0.004876034445725127,0.002850210636519802,0.16228022694525465,0.01650842708161486,0.9101116878311379,0.013514733110131481,0.020251462074223122,0.005902830742339598,0.05269972628705553,0.011188440738477636,0.1808662922699807,0.017258704323980304,0.8191337077300194,0.017258704323980304,0,0,0,0,0,0,0,0,0,0,0,0,0.0627336980470346,0.011666787709998393,0.0339819491180693,0.00836757600743686,535,2017-12-31,33850,39730,41610,45510,0.930363149905361,Q - Human health and social work activities
318658.80227238,4639.86879387,"Arts, entertainment and recreation",2013,NA,0.4236123851065357,0.11856257302462117,0.2330989382783541,0.09134272878942917,7439.01295822,1716.2646099981023,0,0,0.20645716163767697,0.08856851697167227,0.11824379847705953,0.10688249933183619,0.3196967251081466,0.1023466689474821,0.2664165424809559,0.09701333372781028,0.08918577229616101,0.06094370793232659,0,0,0,0,0.05342712162382095,0.037781327453375084,0.20289652403578495,0.09566206269629379,0.19481296999605807,0.08974600830189838,0.21445501267976416,0.08407012932427874,0.18459801462808373,0.08036732567403292,0.14981035703648815,0.10812479128337617,0,0,0.7593314992318027,0.09529073377044245,0.09305041169139591,0.05311725390583643,0,0,0.07670301601363676,0.07277340165745083,0.6237210258846254,0.10809293336824739,0,0,0.1595204943525124,0.07705350900506328,0.24239525444669527,0.11484821210840179,0.7576047455533048,0.1148482121084018,0,0,0,0,0,0,0,0,0,0,0,0,0.0861227041757027,0.050180327753060604,0,0,23,2013-12-31,31100,36300,38400,43200,0.6237210258846254,"R - Arts, entertainment and recreation"
324895.53207246,5657.336388629999,"Arts, entertainment and recreation",2014,NA,0.5868316559776567,0.10136273712408096,0.319284504164969,0.09389470538435307,8478.31746517,1762.1894510733973,0,0,0.07092397645880591,0.05206507448116662,0.03060882735001437,0.030337338325928956,0.41662715315994286,0.10183343526954329,0.2758144756936289,0.08746660003869967,0.1830976210760319,0.096132783887643,0,0,0,0,0,0,0.3821518975764178,0.09976469726367138,0.15475423877203115,0.07320959639248086,0.13462236691877805,0.07326934987450727,0.14179140128552564,0.06884381351252142,0.18668009544724737,0.08859110940827479,0,0,0.6511638047607955,0.09410058872633578,0.2002572110356753,0.0737095911946654,0,0,0.10877705633679147,0.06088621459971685,0.5864885876964855,0.10105576913673535,0.08078253205941575,0.054957519937769615,0.29292695237736094,0.09167142208153925,0.18015450392071086,0.08268048798116595,0.8198454960792892,0.08268048798116595,0,0,0,0,0,0,0,0,0,0,0,0,0.1558293102455216,0.07351903894291989,0,0,26,2014-12-31,32500,37500,39600,44700,0.6672711197559013,"R - Arts, entertainment and recreation"
314524.0686008,5028.273684680001,"Arts, entertainment and recreation",2016,NA,0.34969928577011633,0.11170958433400882,0.3581482939877077,0.10927910938927222,7616.729031700001,1751.4557214063568,0,0,0.2923641000398016,0.10386477727329001,0.11866199452263756,0.07935130352749792,0.44535198409741794,0.11532966179012552,0.11416916838722203,0.06424142219319476,0.029452752952920828,0.02936910769833651,0,0,0,0,0.2908699007355289,0.10343352632672774,0.3845071805208144,0.11520238944579435,0.06265335385096261,0.045708160527850726,0.0999000915869748,0.05707565211642647,0.11357093459670173,0.07711224322341767,0.048498538709017526,0.04742526069635038,0,0,0.6816276447845793,0.10583048275260258,0.2174976342266247,0.09264283742880941,0.04068947101572653,0.0401126895206617,0,0,0.6601618179868117,0.11256946155018671,0,0,0.25020017908719794,0.10622854390869822,0.22097952636820203,0.09193018037096923,0.7790204736317979,0.09193018037096923,0,0,0,0,0,0,0,0,0,0,0,0,0.25413229531390785,0.10165909021690989,0,0,21,2016-12-31,29310,36340,37860,43440,0.6601618179868117,"R - Arts, entertainment and recreation"
293663.62055427,4310.24219201,"Arts, entertainment and recreation",2017,NA,0.28770797228641065,0.08801827570406019,0.5012041304058328,0.09981812326350319,8043.99130948,1602.3767196968188,0,0,0.2606212450328372,0.0877794221606558,0.10631141646338774,0.059494892130830625,0.2758075596334054,0.0856521353015108,0.35725977887036964,0.09812696621145686,0,0,0,0,0,0,0.11705329345027196,0.06364580983938992,0.36543764275523904,0.09939373945107749,0.2333596278488952,0.07984382962078856,0.152404347972779,0.07144099514354457,0.05967410260305595,0.04179410534312156,0.0720709853697588,0.04973145681875855,0,0,0.6947974226666953,0.08917740692678751,0.2535208586832537,0.08462163520838098,0,0,0.036251832147845886,0.035658471669145424,0.5358337703485949,0.1001918108103048,0,0,0.4192016991522564,0.09973399424350156,0.20635056863422968,0.08232315894955486,0.7936494313657703,0.08232315894955486,0,0,0,0,0,0,0,0,0,0,0,0,0.1198657793567818,0.06514577774102885,0,0,27,2017-12-31,29880,37400,38810,44820,0.5358337703485949,"R - Arts, entertainment and recreation"
318658.80227238,3810.35790891,Other service activities,2013,NA,0.3073084529721223,0.0996499552527833,0.2726039215934754,0.09146342068780028,6010.12742239,1286.7245357893305,0,0,0.2222861612688964,0.09381849897902268,0.07313111895974023,0.05029557126078588,0.33933578493731625,0.0979310021429378,0.36524693483404713,0.10513900622346652,0,0,0,0,0,0,0.06959126956640745,0.06627616389357006,0.06370797053712682,0.044259560754543334,0.2555163611372013,0.09909698619172422,0.35810966200349176,0.10127509364971947,0.21679543218933267,0.08367839486444548,0.03627930456644003,0.035797800191301264,0,0,0.5777495956315646,0.10904075691763039,0.27672135735994696,0.1036438871086811,0.03764670943698967,0.03709483964496344,0.06607737450965308,0.06317303677038513,0.6339895381776722,0.10161098780484974,0,0,0.14831552029982184,0.07029117122962864,0.13327862188842982,0.0765421080792535,0.8667213781115702,0.07654210807925352,0,0,0,0,0,0,0,0,0,0,0,0,0.18280524916776147,0.09463169910211096,0.03764670943698967,0.03709483964496344,24,2013-12-31,27300,35600,38200,45700,0.6339895381776722,S - Other service activities
324895.53207246,8749.32674878,Other service activities,2014,NA,0.3782796543508199,0.07970571574715307,0.2259439571141239,0.06830351291130972,11882.5073297,2034.4841600585976,0,0,0.24338209463515767,0.07423389622451781,0.08148823235057466,0.040647605552656896,0.39441331321933415,0.08615676976819821,0.23967621662068042,0.07002072233554528,0.04104014317425311,0.028716566048041063,0,0,0,0,0.09520601147725628,0.05250380510138987,0.1970209291020994,0.07578268743630416,0.2468362016170581,0.07402025720910349,0.08134649316596752,0.0467968366534922,0.20534919622991765,0.0650280759356361,0.17424116840770107,0.05982173907711541,0,0,0.8264956390081982,0.06262851180446241,0.11608168734660687,0.05069415695476154,0,0,0.05742267364519495,0.04130437595791591,0.5886489853010337,0.08390810695237434,0.147670926483182,0.05884571411805606,0.21589884238049695,0.07076752049910463,0.058411923474700145,0.03332664451951797,0.9415880765252999,0.03332664451951797,0,0,0,0,0,0,0,0,0,0,0,0,0.03194909141365408,0.03139757598904864,0.08479926826314357,0.06076608462517649,38,2014-12-31,27500,36200,38900,46500,0.7363199117842157,S - Other service activities
314524.0686008,5675.70462204,Other service activities,2016,NA,0.2782727278375782,0.08220752900582068,0.14174846365794797,0.061003274841390134,8979.49180438,1679.4298882377702,0,0,0.1874797783944564,0.0706284752205088,0,0,0.5243078478153442,0.09312511765666312,0.1557430192884463,0.061004946255666895,0.0930275502554097,0.05229836827499535,0,0,0,0,0,0,0.26468809492878714,0.08804739966248365,0.2057763807945901,0.07635877313210837,0.07716536972192743,0.043826052412467564,0.29377152163703524,0.08478239596029283,0.14068518672446462,0.06055292877031287,0.017913446193195376,0.01790909869018363,0.7618044984798912,0.07977758776100617,0.12066389059027728,0.057487177826072315,0,0,0.0731934658873916,0.04990823169768102,0.5958081809095654,0.09133756677083793,0.0362659660117018,0.035585079388900556,0.24606481378959955,0.07925292050871045,0.1293094043778318,0.06207419536830034,0.8706905956221681,0.06207419536830034,0,0,0,0,0,0,0,0,0,0,0,0,0.14365976748158177,0.07610360539343056,0.04256491040880127,0.041491567847282224,31,2016-12-31,30000,37360,40570,47680,0.6320741469212673,S - Other service activities
293663.62055427,3740.67605374,Other service activities,2017,NA,0.342754589841892,0.09930467254440452,0.29551013401478415,0.09603463279707584,6379.77462653,1326.9927381305076,0,0,0.12656377300418467,0.06876644195542489,0.041023273637543954,0.04022729844188248,0.4516008376861825,0.1037277567223585,0.21943988225512856,0.08717349372233962,0.08852070533832743,0.0612782387312473,0,0,0,0,0,0,0.17484490807737385,0.07952434785700925,0.18670982168971745,0.07778425976296131,0.07472929064256156,0.051966782434492896,0.527737550096068,0.10368310998811027,0,0,0.035978429494279034,0.03546498736498211,0.7394039183803788,0.09354416171858944,0.26059608161962117,0.09354416171858944,0,0,0,0,0.5597040720092291,0.10303060953357708,0.026629501309265585,0.026500880300185273,0.37768799718722623,0.10099061262433882,0.055388174702998394,0.05349578350728761,0.9446118252970016,0.05349578350728761,0,0,0,0,0,0,0,0,0,0,0,0,0,0,0.02492291029980827,0.024845242898519748,24,2017-12-31,30550,38000,41330,48570,0.5863335733184947,S - Other service activities
