parentcode_indus,industryparentname,year,alder_aar,tuvekt,is.male,is.union,has.education.primary,has.education.juniorhigh,has.education.some.hs,has.education.finished.hs,has.education.trade.school,has.education.bachelor,has.education.master,has.education.doctor,has.education.ungiven,lessthantwenty,twenty,thirty,fourty,fifty,sixty,seventyplus,sector.private,sector.municipal,sector.county,sector.centralgov,employment.onleave.employee,employment.employee,employment.selfemployed,employment.onleave.selfemployed,employment.onleave.familyemploy,employment.familyemploy,employment.employee.ungiven,employment.military,collective.agreement.yes,collective.agreement.combination,collective.agreement.no,fulltime,parttime,Unspecified or unidentifiable occupations,Commissioned armed forces officers,Non-commissioned armed forces officers,"Armed forces occupations, other ranks","Chief executives, senior officials and legislators",Administrative and commercial managers,Production and specialised services managers,"Hospitality, retail and other services managers",Science and engineering professionals,Health professionals,Teaching professionals,Business and administration professionals,Information and communications technology professionals,"Legal, social and cultural professionals",Science and engineering associate professionals,Health associate professionals,Business and administration associate professionals,"Legal, social, cultural and related associate professionals",Information and communications technicians,General and keyboard clerks,Customer services clerks,Numerical and material recording clerks,Other clerical support workers,Personal service wokers,Sales workers,Personal care workers,Protective services workers,Market-oriented skilled agricultural workers,"Market-oriented skilled forestry, fishery and hunting workers","Building and related trades workers, excluding electricians","Metal, machinery and related trades workers",Handicraft and printing workers,Electrical and electronics trades workers,"Food processing, woodworking, garment and other craft and related trades workers",Stationary plant and machine operators,Assemblers,Drivers and mobile plant operators,Cleaners and helpers,"Agricultural, forestry and fishery labourers","Labourers in mining, construction, manufacturing and transport",Food preparation assistants,Street and related service workers,Refuse workers and other elementary workers,nfreq,occupation,sector,sex,contractual_usual_working_hours_per_week,Monthly earnings (NOK)_Average,Monthly earnings (NOK)_Median,Monthly earnings (NOK)_Lower quartile,Monthly earnings (NOK)_Upper quartile,Monthly earnings (NOK)_Number of eployments with earnings,Monthly earnings (NOK)_Number of full-time equivalents,Basic monthly salary (NOK)_Average,Basic monthly salary (NOK)_Median,Basic monthly salary (NOK)_Lower quartile,Basic monthly salary (NOK)_Upper quartile,Basic monthly salary (NOK)_Number of eployments with earnings,Basic monthly salary (NOK)_Number of full-time equivalents,Variable additional allowances (NOK)_Average,Variable additional allowances (NOK)_Median,Variable additional allowances (NOK)_Lower quartile,Variable additional allowances (NOK)_Upper quartile,Variable additional allowances (NOK)_Number of eployments with earnings,Variable additional allowances (NOK)_Number of full-time equivalents,Bonus (NOK)_Average,Bonus (NOK)_Median,Bonus (NOK)_Lower quartile,Bonus (NOK)_Upper quartile,Bonus (NOK)_Number of eployments with earnings,Bonus (NOK)_Number of full-time equivalents,Overtime pay (NOK)_Average,Overtime pay (NOK)_Median,Overtime pay (NOK)_Lower quartile,Overtime pay (NOK)_Upper quartile,Overtime pay (NOK)_Number of eployments with earnings,Overtime pay (NOK)_Number of full-time equivalents,Age (years)_Average,Age (years)_Median,Age (years)_Lower quartile,Age (years)_Upper quartile,Age (years)_Number of eployments with earnings,Age (years)_Number of full-time equivalents,Contractual working hours per week (hours)_Average,Contractual working hours per week (hours)_Median,Contractual working hours per week (hours)_Lower quartile,Contractual working hours per week (hours)_Upper quartile,Contractual working hours per week (hours)_Number of eployments with earnings,Contractual working hours per week (hours)_Number of full-time equivalents
I,Accommodation and food service activities,2016,36.155660377358494,317.8994106533962,0.42924528301886794,0.2358490566037736,0.00943396226415094,0.29245283018867924,0.07075471698113207,0.419811320754717,0.02358490566037736,0.16037735849056603,0.00943396226415094,0.00471698113207547,0.00943396226415094,0.11320754716981132,0.28773584905660377,0.2216981132075472,0.18867924528301888,0.14622641509433962,0.04245283018867924,0,0.9716981132075472,0.01415094339622641,0,0.00471698113207547,0.12264150943396226,0.8066037735849056,0.05188679245283019,0.01415094339622641,0,0.00471698113207547,0,0,0.3820754716981132,0.0660377358490566,0.3490566037735849,0.8160377358490566,0.11320754716981132,0.00943396226415094,0,0,0,0.00471698113207547,0.00471698113207547,0,0.11320754716981132,0,0,0,0.00943396226415094,0.00471698113207547,0,0,0,0.00943396226415094,0.04245283018867924,0,0.00471698113207547,0.08962264150943396,0.00471698113207547,0,0.46226415094339623,0.09905660377358493,0,0.00471698113207547,0,0,0,0,0,0,0,0.00471698113207547,0,0.01415094339622641,0.04716981132075472,0,0,0.07075471698113207,0,0,212,All occupations,Sum all sectors,Both sexes,All employees,29580,27600,24360,31660,101163,69437,28860,26860,24360,30800,101163,69437,480,0,0,520,101163,69437,250,0,0,0,101163,69437,180,0,0,40,101163,69437,33.6,31,24,42,101163,69437,25.3,34.1,11.3,37.5,101163,69437
N,Administrative and support service activities,2016,42.26631853785901,298.64999552383813,0.5953002610966057,0.3524804177545692,0.01044386422976501,0.2297650130548303,0.10704960835509138,0.35509138381201044,0.03394255874673629,0.20365535248041777,0.05744125326370757,0.00261096605744125,0,0.02349869451697128,0.22193211488250653,0.2193211488250653,0.22715404699738903,0.216710182767624,0.08877284595300261,0.00261096605744125,0.8459530026109661,0.13577023498694518,0,0.01044386422976501,0.1409921671018277,0.7859007832898173,0.06266318537859007,0.01044386422976501,0,0,0,0,0.32114882506527415,0.0391644908616188,0.3524804177545692,0.7963446475195822,0.12532637075718014,0.01827676240208877,0,0,0,0.0052219321148825,0.02088772845953002,0.02088772845953002,0.01044386422976501,0.00783289817232375,0,0.01044386422976501,0.0391644908616188,0.01305483028720626,0.0052219321148825,0.0391644908616188,0.00261096605744125,0.09660574412532635,0.01305483028720626,0.00261096605744125,0.02088772845953002,0.05744125326370757,0.03394255874673629,0.0052219321148825,0.09660574412532635,0.04699738903394256,0.01827676240208877,0.06527415143603134,0.02349869451697128,0,0.05221932114882506,0.01566579634464751,0.00261096605744125,0.01305483028720626,0.00783289817232375,0.00261096605744125,0,0.02872062663185378,0.19843342036553524,0,0.00261096605744125,0.00261096605744125,0,0,383,All occupations,Sum all sectors,Both sexes,All employees,36960,32620,29230,39120,144924,114095,35600,32030,28830,37630,144924,114095,580,0,0,10,144924,114095,780,0,0,0,144924,114095,630,0,0,230,144924,114095,39.8,39,29,49,144924,114095,29.4,37.5,21.8,37.5,144924,114095
A,"Agriculture, forestry and fishing",2016,47.26923076923077,279.2393356112981,0.7596153846153846,0.10096153846153846,0,0.25,0.2259615384615385,0.3173076923076923,0.02884615384615384,0.1201923076923077,0.04807692307692308,0.00961538461538461,0,0.0625,0.12980769230769232,0.12980769230769232,0.17307692307692307,0.2644230769230769,0.21634615384615383,0.02403846153846154,1,0,0,0,0.05288461538461538,0.38461538461538464,0.5048076923076923,0.03846153846153846,0,0.01923076923076923,0,0,0.13942307692307693,0.02403846153846154,0.22115384615384617,0.42788461538461536,0.02884615384615384,0,0,0,0,0.0048076923076923,0,0.01442307692307692,0,0.0048076923076923,0,0,0.0048076923076923,0,0,0.02884615384615384,0,0.01442307692307692,0.0048076923076923,0,0.00961538461538461,0,0.0048076923076923,0,0.00961538461538461,0.00961538461538461,0,0,0.6105769230769231,0.1971153846153846,0.0048076923076923,0.0048076923076923,0,0,0.0048076923076923,0.0048076923076923,0,0.02884615384615384,0,0.02403846153846154,0,0.00961538461538461,0,0,208,All occupations,Sum all sectors,Both sexes,All employees,35580,32040,25460,41330,31905,21986,34000,31180,25170,38640,31905,21986,690,0,0,0,31905,21986,890,0,0,0,31905,21986,920,0,0,0,31905,21986,38.5,37,26,49,31905,21986,25.8,36,10.6,37.5,31905,21986
R,"Arts, entertainment and recreation",2016,38.68181818181818,329.17058007097404,0.5064935064935064,0.3181818181818182,0.00649350649350649,0.22077922077922077,0.02597402597402597,0.2597402597402597,0.01948051948051948,0.3246753246753247,0.13636363636363635,0,0.00649350649350649,0.15584415584415584,0.2012987012987013,0.1948051948051948,0.2012987012987013,0.17532467532467533,0.05844155844155844,0.01298701298701298,0.7142857142857143,0.17532467532467533,0.01298701298701298,0.07142857142857142,0.09090909090909093,0.6558441558441559,0.22077922077922077,0.03246753246753246,0,0,0,0,0.15584415584415584,0.05844155844155844,0.21428571428571427,0.6883116883116883,0.06493506493506493,0.00649350649350649,0,0,0,0.00649350649350649,0.03246753246753246,0.00649350649350649,0.05194805194805195,0.01298701298701298,0,0.03246753246753246,0.03896103896103896,0.01298701298701298,0.2597402597402597,0,0.01298701298701298,0.05194805194805195,0.22077922077922077,0.01298701298701298,0.01298701298701298,0.05844155844155844,0.00649350649350649,0.01298701298701298,0.04545454545454545,0.01298701298701298,0.00649350649350649,0.01948051948051948,0.01298701298701298,0,0.00649350649350649,0.00649350649350649,0.00649350649350649,0,0.00649350649350649,0,0,0.00649350649350649,0.01298701298701298,0.00649350649350649,0,0,0,0,154,All occupations,Sum all sectors,Both sexes,All employees,37860,36340,29310,43440,49525,29180,37180,35880,28960,42920,49525,29180,300,0,0,0,49525,29180,380,0,0,0,49525,29180,160,0,0,0,49525,29180,39.9,40,28,51,49525,29180,22,22.5,5.9,37.5,49525,29180
F,Construction,2016,41.719941348973606,309.7158860663343,0.8929618768328446,0.3020527859237537,0,0.1744868035190616,0.07917888563049853,0.5483870967741935,0.06598240469208211,0.10557184750733138,0.02492668621700879,0,0.00146627565982404,0.03812316715542522,0.22287390029325513,0.20821114369501467,0.23607038123167157,0.20674486803519063,0.08357771260997067,0.00439882697947214,0.9486803519061584,0.03225806451612903,0,0.01759530791788856,0.1129032258064516,0.7551319648093842,0.1217008797653959,0.01026392961876832,0,0,0,0,0.2829912023460411,0.07331378299120235,0.4032258064516129,0.844574780058651,0.02346041055718475,0.00146627565982404,0,0,0,0,0.00879765395894428,0.05718475073313783,0,0.02492668621700879,0,0,0.00733137829912023,0,0.00293255131964809,0.08504398826979472,0.00586510263929618,0.02785923753665689,0,0.00439882697947214,0.01612903225806451,0.00146627565982404,0.03372434017595308,0,0.01612903225806451,0.00439882697947214,0,0.00146627565982404,0,0,0.3841642228739003,0.02932551319648094,0,0.13636363636363635,0.01026392961876832,0.00293255131964809,0,0.10410557184750734,0.00733137829912023,0.00146627565982404,0.01906158357771261,0,0,0.00586510263929618,682,All occupations,Sum all sectors,Both sexes,All employees,41190,38320,32480,45720,216752,200016,39500,37020,31680,43620,216752,200016,890,0,0,920,216752,200016,800,0,0,0,216752,200016,990,0,0,640,216752,200016,39.5,39,29,50,216752,200016,34.6,37.5,37.5,37.5,216752,200016
P,Education,2016,45.22998729351969,286.58255981656924,0.3240152477763659,0.7890724269377383,0,0.04701397712833545,0.0241423125794155,0.14104193138500634,0.01143583227445997,0.5438373570520966,0.17916137229987297,0.05336721728081321,0,0.01143583227445997,0.1372299872935197,0.20330368487928843,0.2947903430749682,0.22998729351969505,0.12198221092757308,0.00127064803049555,0.13087674714104194,0.5285895806861499,0.18043202033036848,0.1588310038119441,0.15120711562897077,0.8335451080050826,0.01270648030495552,0.0025412960609911,0,0,0,0,0.06607369758576874,0.01270648030495552,0.03303684879288437,0.8487928843710292,0.13468869123252858,0.00127064803049555,0,0,0,0,0.01016518424396442,0.04955527318932656,0,0.00635324015247776,0.00381194409148665,0.6963151207115629,0.0266836086404066,0.00508259212198221,0.01651842439644218,0.00127064803049555,0,0.01524777636594663,0.01143583227445997,0.00508259212198221,0.01905972045743329,0.00381194409148665,0.0025412960609911,0,0.02287166454891994,0.00127064803049555,0.08132147395171538,0.00381194409148665,0,0,0,0,0,0,0,0,0,0,0.01524777636594663,0,0,0.00127064803049555,0,0,787,All occupations,Sum all sectors,Both sexes,All employees,42860,42830,36830,47640,237283,184003,42720,42720,36720,47540,237283,184003,120,0,0,0,237283,184003,20,0,0,0,237283,184003,190,0,0,0,237283,184003,44.8,45,36,54,237283,184003,29.1,37.5,19.7,37.5,237283,184003
D,"Electricity, gas, steam and air conditioning supply",2016,45.80882352941177,291.02215449014705,0.7058823529411765,0.6323529411764706,0,0.04411764705882353,0.04411764705882353,0.3382352941176471,0.0588235294117647,0.27941176470588236,0.2352941176470588,0,0,0.02941176470588235,0.17647058823529413,0.08823529411764706,0.3088235294117647,0.27941176470588236,0.10294117647058824,0.01470588235294117,0.9411764705882352,0,0,0.0588235294117647,0.02941176470588235,0.9705882352941176,0,0,0,0,0,0,0.45588235294117646,0.14705882352941177,0.2647058823529412,0.9411764705882352,0.04411764705882353,0.01470588235294117,0,0,0,0.01470588235294117,0.01470588235294117,0.0588235294117647,0.01470588235294117,0.16176470588235295,0,0,0.1176470588235294,0.04411764705882353,0,0.2647058823529412,0,0.0588235294117647,0,0,0.0588235294117647,0.02941176470588235,0.01470588235294117,0,0.01470588235294117,0.01470588235294117,0,0,0,0,0,0,0,0.10294117647058824,0,0,0,0,0,0,0,0,0,0,68,All occupations,Sum all sectors,Both sexes,All employees,55950,49920,42350,64690,16160,15293,53590,48140,40980,62500,16160,15293,900,0,0,450,16160,15293,1460,0,0,1190,16160,15293,1840,240,0,2510,16160,15293,45.6,47,36,55,16160,15293,35.4,37.5,37.5,37.5,16160,15293
K,Financial and insurance activities,2016,44.95333333333333,297.6023444278,0.5266666666666666,0.5666666666666667,0,0.05333333333333334,0.07333333333333333,0.26,0.00666666666666666,0.42,0.18666666666666668,0,0,0,0.16666666666666666,0.22,0.2,0.3,0.11333333333333331,0,0.9933333333333332,0,0,0.00666666666666666,0.07333333333333333,0.88,0.04,0.00666666666666666,0,0,0,0,0.3466666666666667,0.18,0.38,0.94,0.01333333333333333,0.00666666666666666,0,0,0,0.00666666666666666,0.03333333333333333,0.08666666666666667,0,0,0,0,0.07333333333333333,0.05333333333333334,0.01333333333333333,0.01333333333333333,0,0.66,0.00666666666666666,0.00666666666666666,0,0.01333333333333333,0.00666666666666666,0,0,0.00666666666666666,0,0,0,0.00666666666666666,0,0,0,0,0,0,0,0.00666666666666666,0,0,0,0,0,0,150,All occupations,Sum all sectors,Both sexes,All employees,61650,49820,39780,67340,46226,43929,54270,46660,37510,62360,46226,43929,710,0,0,0,46226,43929,6680,940,0,3130,46226,43929,590,0,0,260,46226,43929,44.2,44,35,54,46226,43929,35.2,36.9,36.8,37.5,46226,43929
Q,Human health and social work activities,2016,43.198811453268505,293.5363353062669,0.19502971366828745,0.7039438141545111,0,0.1091301998919503,0.059967585089141,0.26526202052944353,0.01836844948676391,0.4359805510534846,0.10318746623446784,0.00648298217179902,0.00162074554294975,0.02323068611561318,0.1842247433819557,0.2258238789843328,0.24473257698541329,0.20799567801188543,0.11129119394921665,0.00270124257158292,0.23230686115613183,0.5386277687736358,0.00918422474338195,0.2182603997839006,0.14532685035116152,0.8222582387898433,0.02809292274446245,0.00378173960021609,0,5.402485143165856e-4,0,0,0.12371690977849811,0.01728795245813074,0.04916261480280929,0.8698001080497029,0.09562398703403566,0.00378173960021609,0,0,0,0.00270124257158292,0.00270124257158292,0.02809292274446245,0.00162074554294975,0.00378173960021609,0.28741220961642355,0.06537007023230686,0.01296596434359805,0.00324149108589951,0.02755267423014586,0.00432198811453268,0.04862236628849271,0.01620745542949757,0.05024311183144246,5.402485143165856e-4,0.01080497028633171,0.00216099405726634,0.00270124257158292,0,0.01026472177201512,0.00108049702863317,0.38141545110750946,0,0.00108049702863317,0,0,0,5.402485143165856e-4,0,0,0.00216099405726634,5.402485143165856e-4,0,0.01296596434359805,0,0.00702323068611561,0.00810372771474878,0,0,1851,All occupations,Sum all sectors,Both sexes,All employees,40390,38600,33030,44000,608203,418174,37850,35720,32060,41210,608203,418174,2490,0,0,3800,608203,418174,50,0,0,0,608203,418174,490,0,0,290,608203,418174,42.9,43,33,53,608203,418174,25.2,29.3,14.7,37.5,608203,418174
J,Information and communication,2016,42.283076923076926,303.85459083923075,0.7323076923076923,0.37538461538461537,0.00307692307692307,0.05538461538461538,0.03076923076923077,0.24,0.04,0.4246153846153846,0.19384615384615383,0.0123076923076923,0,0.00615384615384615,0.1753846153846154,0.28307692307692306,0.28,0.19384615384615383,0.05846153846153846,0.00307692307692307,0.9938461538461538,0.00307692307692307,0,0.00307692307692307,0.11076923076923076,0.8553846153846154,0.03384615384615384,0,0,0,0,0,0.24923076923076923,0.08307692307692308,0.556923076923077,0.9384615384615383,0.02769230769230769,0.00615384615384615,0,0,0,0.0123076923076923,0.04615384615384615,0.0523076923076923,0.00923076923076923,0.04307692307692307,0,0.00307692307692307,0.07076923076923076,0.40307692307692305,0.12307692307692308,0.03076923076923077,0.00307692307692307,0.05538461538461538,0.02153846153846153,0.04307692307692307,0.00307692307692307,0.02153846153846153,0.00923076923076923,0,0.00615384615384615,0.01846153846153846,0.00615384615384615,0,0,0,0,0,0.00307692307692307,0.00307692307692307,0,0,0,0,0.00307692307692307,0,0,0,0,0.00307692307692307,325,All occupations,Sum all sectors,Both sexes,All employees,56470,51500,41220,65680,87769,81123,52870,49600,40000,62120,87769,81123,570,0,0,0,87769,81123,3020,0,0,1580,87769,81123,790,0,0,130,87769,81123,41.2,41,33,49,87769,81123,34.7,37.5,37.5,37.5,87769,81123
C,Manufacturing,2016,44.29831932773109,297.272591749958,0.7745098039215687,0.5336134453781513,0.00140056022408963,0.18347338935574228,0.0896358543417367,0.42436974789915966,0.05602240896358543,0.15826330532212884,0.07983193277310924,0.00280112044817927,0.0042016806722689,0.01540616246498599,0.15406162464985995,0.21428571428571427,0.27310924369747897,0.23249299719887956,0.1092436974789916,0.00140056022408963,0.9957983193277312,0,0,0,0.1176470588235294,0.8487394957983193,0.02941176470588235,0.0042016806722689,0,0,0,0,0.4397759103641457,0.11064425770308124,0.3599439775910364,0.9439775910364144,0.0238095238095238,0.00840336134453781,0,0,0,0.0042016806722689,0.03361344537815126,0.09943977591036414,0.00280112044817927,0.0392156862745098,0.00280112044817927,0.00140056022408963,0.03781512605042016,0.01540616246498599,0.00140056022408963,0.12044817927170869,0.01540616246498599,0.07142857142857142,0.00280112044817927,0.00140056022408963,0.01680672268907563,0.0042016806722689,0.04201680672268908,0.00140056022408963,0.00840336134453781,0.01120448179271708,0,0,0,0,0.02100840336134454,0.13165266106442575,0.01120448179271708,0.04621848739495798,0.0196078431372549,0.1722689075630252,0.00980392156862745,0.02801120448179271,0.00840336134453781,0,0.00980392156862745,0,0,0,714,All occupations,Sum all sectors,Both sexes,All employees,44570,39460,33160,50000,213039,196495,42230,37450,31980,47410,213039,196495,1330,0,0,1120,213039,196495,1010,0,0,140,213039,196495,1940,170,0,2160,213039,196495,43.2,44,34,53,213039,196495,34.3,37.5,36.5,37.5,213039,196495
B,Mining and quarrying,2016,44.829268292682926,291.80161738963415,0.8597560975609756,0.7073170731707317,0,0.08536585365853659,0.06097560975609756,0.3597560975609756,0.07317073170731707,0.18902439024390244,0.1951219512195122,0.03658536585365853,0,0,0.0975609756097561,0.3048780487804878,0.2682926829268293,0.2195121951219512,0.1097560975609756,0,0.9939024390243902,0,0,0,0.24390243902439024,0.7560975609756098,0,0,0,0,0,0,0.5426829268292683,0.07317073170731707,0.3353658536585366,0.9817073170731708,0.01829268292682926,0.01829268292682926,0,0,0,0.00609756097560975,0.02439024390243902,0.04878048780487805,0,0.1951219512195122,0,0,0.04268292682926829,0.01219512195121951,0.00609756097560975,0.1524390243902439,0.01219512195121951,0.03048780487804878,0.00609756097560975,0,0,0.00609756097560975,0.03658536585365853,0.00609756097560975,0,0,0,0.00609756097560975,0,0,0.04268292682926829,0.0548780487804878,0,0.0548780487804878,0,0.14634146341463414,0,0.06707317073170732,0.01219512195121951,0,0.01219512195121951,0,0,0,164,All occupations,Sum all sectors,Both sexes,All employees,69170,60910,49570,81190,55585,54259,59540,52990,40410,72920,55585,54259,5890,1480,0,8320,55585,54259,3750,780,0,4020,55585,54259,3850,1010,0,5360,55585,54259,44.4,45,36,53,55585,54259,34.5,37.5,33.3,37.5,55585,54259
S,Other service activities,2016,43.79888268156424,304.14356423597764,0.3463687150837989,0.3687150837988827,0,0.1564245810055866,0.0223463687150838,0.39664804469273746,0.03910614525139665,0.25139664804469275,0.12849162011173185,0,0.00558659217877095,0.03910614525139665,0.18435754189944137,0.21787709497206703,0.2011173184357542,0.24022346368715083,0.10614525139664804,0.0111731843575419,0.8715083798882681,0.1005586592178771,0,0.0223463687150838,0.15083798882681565,0.6815642458100558,0.1340782122905028,0.02793296089385474,0,0.00558659217877095,0,0,0.2569832402234637,0.0670391061452514,0.3240223463687151,0.7597765363128491,0.07262569832402235,0.0111731843575419,0,0,0,0.1005586592178771,0.00558659217877095,0.00558659217877095,0.0223463687150838,0.0111731843575419,0,0.0111731843575419,0.07262569832402235,0.0223463687150838,0.1005586592178771,0.00558659217877095,0.0111731843575419,0.0111731843575419,0.05586592178770949,0.0111731843575419,0.02793296089385474,0.0111731843575419,0.01675977653631285,0,0.3687150837988827,0.00558659217877095,0.0111731843575419,0,0,0,0,0,0.0111731843575419,0.00558659217877095,0.0111731843575419,0.0335195530726257,0,0.00558659217877095,0.00558659217877095,0.02793296089385474,0,0,0,0,179,All occupations,Sum all sectors,Both sexes,All employees,40570,37360,30000,47680,50563,37435,39670,36540,29220,46730,50563,37435,260,0,0,0,50563,37435,650,0,0,0,50563,37435,180,0,0,0,50563,37435,42.5,43,31,53,50563,37435,27.7,37.5,17.8,37.5,50563,37435
M,"Professional, scientific and technical activities",2016,44.09289617486339,300.3479979638616,0.6193078324225865,0.395264116575592,0,0.04189435336976321,0.03642987249544627,0.18579234972677597,0.04007285974499089,0.3224043715846995,0.3224043715846995,0.04735883424408015,0.00364298724954462,0.00546448087431694,0.16393442622950818,0.2768670309653916,0.2204007285974499,0.19672131147540983,0.13114754098360656,0.00546448087431694,0.9344262295081968,0.00728597449908925,0,0.05100182149362477,0.10018214936247724,0.7741347905282332,0.10746812386156648,0.01821493624772313,0,0,0,0,0.1766848816029144,0.08743169398907104,0.5045537340619308,0.8506375227686703,0.0273224043715847,0.00182149362477231,0,0,0,0.00364298724954462,0.03096539162112932,0.03278688524590164,0.00182149362477231,0.21129326047358837,0.02185792349726776,0.00546448087431694,0.17304189435336975,0.03642987249544627,0.06557377049180328,0.12021857923497269,0.01821493624772313,0.14389799635701275,0.02367941712204007,0.00910746812386156,0.01821493624772313,0.00728597449908925,0.02550091074681238,0,0.00546448087431694,0.00728597449908925,0.00182149362477231,0,0,0.00182149362477231,0.00364298724954462,0.00910746812386156,0.00546448087431694,0.00364298724954462,0,0.00546448087431694,0,0.00182149362477231,0.00182149362477231,0,0.00182149362477231,0,0,0,549,All occupations,Sum all sectors,Both sexes,All employees,54120,49170,39720,63380,131620,115123,52300,48080,39130,61750,131620,115123,320,0,0,0,131620,115123,1490,0,0,0,131620,115123,950,0,0,0,131620,115123,42.7,42,33,52,131620,115123,33,37.5,37.5,37.5,131620,115123
O,Public administration and defence; compulsory social security,2016,45.77076923076923,285.3628110804154,0.5246153846153846,0.816923076923077,0,0.06615384615384616,0.04307692307692307,0.2123076923076923,0.05538461538461538,0.39692307692307693,0.22,0.00615384615384615,0,0.01076923076923076,0.13076923076923078,0.19076923076923075,0.2784615384615385,0.28,0.1046153846153846,0.00461538461538461,0.01384615384615384,0.3030769230769231,0.056923076923076923,0.6246153846153846,0.10307692307692308,0.8907692307692308,0.00461538461538461,0,0,0,0,0.00153846153846153,0.00923076923076923,0.00153846153846153,0.00153846153846153,0.926153846153846,0.06923076923076923,0.01076923076923076,0.03692307692307692,0.01846153846153846,0.01692307692307692,0.01692307692307692,0.08615384615384615,0.03076923076923077,0.00153846153846153,0.03076923076923077,0.00615384615384615,0.01538461538461538,0.24615384615384617,0.02307692307692307,0.09076923076923075,0.03384615384615384,0.00615384615384615,0.18,0.00615384615384615,0.00923076923076923,0.02615384615384615,0.00615384615384615,0.0123076923076923,0.00461538461538461,0.00615384615384615,0,0.01384615384615384,0.03538461538461538,0.00307692307692307,0,0.00153846153846153,0.00769230769230769,0,0.00153846153846153,0,0,0,0.00461538461538461,0.00615384615384615,0,0.00153846153846153,0.00153846153846153,0,0.00153846153846153,650,All occupations,Sum all sectors,Both sexes,All employees,46790,43990,37450,52500,171347,149961,44940,42200,36260,50450,171347,149961,1830,0,0,660,171347,149961,20,0,0,0,171347,149961,920,0,0,750,171347,149961,45,46,36,54,171347,149961,32.8,37.5,37.5,37.5,171347,149961
L,Real estate activities,2016,47.35294117647059,295.8755980822059,0.6617647058823529,0.2647058823529412,0,0.16176470588235295,0.02941176470588235,0.29411764705882354,0.0588235294117647,0.39705882352941174,0.0588235294117647,0,0,0.01470588235294117,0.1176470588235294,0.19117647058823528,0.2647058823529412,0.2058823529411765,0.17647058823529413,0.02941176470588235,0.9852941176470588,0.01470588235294117,0,0,0.1176470588235294,0.7352941176470589,0.1176470588235294,0.02941176470588235,0,0,0,0,0.19117647058823528,0.04411764705882353,0.5294117647058824,0.8235294117647058,0.01470588235294117,0.01470588235294117,0,0,0,0.01470588235294117,0.0588235294117647,0,0,0.01470588235294117,0,0,0.07352941176470588,0,0,0.01470588235294117,0.01470588235294117,0.4411764705882353,0.01470588235294117,0,0.04411764705882353,0,0.08823529411764706,0,0.1323529411764706,0.02941176470588235,0,0,0,0,0.01470588235294117,0.01470588235294117,0,0,0,0,0,0.01470588235294117,0,0,0,0,0,0,68,All occupations,Sum all sectors,Both sexes,All employees,52780,41780,33190,59050,26353,19798,48350,40590,32500,55000,26353,19798,760,0,0,0,26353,19798,3670,0,0,0,26353,19798,170,0,0,0,26353,19798,44.9,45,34,55,26353,19798,28.1,37.5,16.9,37.5,26353,19798
H,Transportation and storage,2016,45.904862579281186,278.65508842033825,0.8224101479915433,0.49682875264270615,0,0.26004228329809725,0.08879492600422834,0.42071881606765327,0.04439746300211417,0.1416490486257928,0.040169133192389,0.00422832980972515,0,0.01057082452431289,0.11205073995771672,0.21987315010570824,0.2642706131078224,0.2558139534883721,0.13107822410147993,0.00634249471458773,0.970401691331924,0.00634249471458773,0,0.01902748414376321,0.13530655391120508,0.7716701902748414,0.080338266384778,0.01268498942917547,0,0,0,0,0.5348837209302325,0.06553911205073996,0.24735729386892177,0.8773784355179705,0.03171247357293869,0.00422832980972515,0,0,0,0.00422832980972515,0.01479915433403805,0.05708245243128964,0,0.00211416490486257,0,0,0.03171247357293869,0.00845665961945031,0,0.07822410147991543,0,0.05496828752642706,0.00211416490486257,0.00211416490486257,0.02114164904862579,0.03594080338266384,0.08456659619450317,0.03805496828752643,0.05708245243128964,0.00422832980972515,0,0.01057082452431289,0,0,0.00211416490486257,0.01057082452431289,0,0.00211416490486257,0.00211416490486257,0.00211416490486257,0,0.4376321353065539,0.01057082452431289,0,0.01268498942917547,0.00211416490486257,0,0.00634249471458773,473,All occupations,Sum all sectors,Both sexes,All employees,43620,37410,32700,48180,137411,117796,40950,35120,31230,45240,137411,117796,1780,0,0,1880,137411,117796,890,0,0,0,137411,117796,1230,0,0,980,137411,117796,44.1,45,34,54,137411,117796,32,37.5,33.6,37.5,137411,117796
00.0,Unspecified or unidentifiable industry,2016,35.041666666666664,351.9555089766667,0.7083333333333334,0.16666666666666666,0,0.4583333333333333,0.04166666666666666,0.25,0.04166666666666666,0.16666666666666666,0.04166666666666666,0,0,0.125,0.2916666666666667,0.2916666666666667,0.125,0.08333333333333333,0.08333333333333333,0,0.875,0.04166666666666666,0,0.04166666666666666,0.04166666666666666,0.7083333333333334,0.16666666666666666,0.04166666666666666,0,0.04166666666666666,0,0,0.2916666666666667,0.08333333333333333,0.20833333333333337,0.5833333333333334,0.16666666666666666,0.3333333333333333,0,0,0,0.04166666666666666,0,0,0,0,0,0,0.04166666666666666,0,0.04166666666666666,0.04166666666666666,0,0.08333333333333333,0.08333333333333333,0,0,0,0,0,0.04166666666666666,0.08333333333333333,0,0.04166666666666666,0,0,0,0.04166666666666666,0,0.04166666666666666,0,0,0,0,0.08333333333333333,0,0,0,0,0,24,All occupations,Sum all sectors,Both sexes,All employees,50210,38500,30560,52270,1439,814,48050,38160,30360,50000,1439,814,60,0,0,0,1439,814,2100,0,0,0,1439,814,120,0,0,0,1439,814,43.7,43,33,53,1439,814,21.2,20,4.5,37.5,1439,814
E,"Water supply; sewerage, waste management and remediation activities",2016,45.48936170212766,294.66950669957447,0.7659574468085106,0.574468085106383,0,0.14893617021276595,0.1276595744680851,0.425531914893617,0.0425531914893617,0.14893617021276595,0.10638297872340426,0,0,0,0.1276595744680851,0.2127659574468085,0.2978723404255319,0.2765957446808511,0.0851063829787234,0,0.46808510638297873,0.5319148936170213,0,0,0.1276595744680851,0.8723404255319149,0,0,0,0,0,0,0.1914893617021277,0.0425531914893617,0.1702127659574468,0.9787234042553192,0,0,0,0,0,0,0.0851063829787234,0.0425531914893617,0,0.02127659574468085,0,0,0.0425531914893617,0,0.02127659574468085,0.10638297872340426,0.02127659574468085,0.06382978723404255,0,0,0.0425531914893617,0.02127659574468085,0.02127659574468085,0,0.02127659574468085,0,0,0,0,0,0.02127659574468085,0.0425531914893617,0,0,0,0,0,0.06382978723404255,0,0,0.02127659574468085,0,0,0.3404255319148936,47,All occupations,Sum all sectors,Both sexes,All employees,40580,36840,32480,45020,15716,14010,39640,36150,32130,44170,15716,14010,480,0,0,80,15716,14010,470,0,0,0,15716,14010,1940,330,0,2630,15716,14010,44.5,45,35,54,15716,14010,33.4,37.5,37.5,37.5,15716,14010
G,Wholesale and retail trade; repair of motor vehicles and motorcycles,2016,39.96299411269975,304.23937580295205,0.552565180824222,0.24558452481076537,8.410428931875525e-4,0.25735912531539107,0.08410428931875526,0.4112699747687132,0.03952901597981497,0.16904962153069805,0.02859545836837678,8.410428931875525e-4,0.00841042893187552,0.07232968881412952,0.2430613961312027,0.19259882253994953,0.2220353238015139,0.19428090832632464,0.07064760302775441,0.00504625735912531,0.9932716568544996,8.410428931875525e-4,0,0.0016820857863751,0.09671993271656856,0.8544995794785534,0.04541631623212783,0.0016820857863751,0,0.0016820857863751,0,0,0.4087468460891506,0.07569386038687972,0.4062237174095879,0.9108494533221194,0.03700588730025231,0.00336417157275021,0,0,0,0.0016820857863751,0.02270815811606391,0.00925147182506307,0.1286795626576955,0.00420521446593776,0.01009251471825063,0,0.02354920100925147,0.00672834314550042,0.00252312867956265,0.0159798149705635,0.01850294365012615,0.10933557611438184,0.00252312867956265,0.00252312867956265,0.0176619007569386,0.00841042893187552,0.06476030277544155,0,0.00588730025231286,0.400336417157275,0,8.410428931875525e-4,0.0016820857863751,8.410428931875525e-4,0.00252312867956265,0.09671993271656856,0.00252312867956265,0.00588730025231286,0.00756938603868797,0.00252312867956265,0,0.00841042893187552,0.00756938603868797,0,0.00252312867956265,8.410428931875525e-4,0,8.410428931875525e-4,1189,All occupations,Sum all sectors,Both sexes,All employees,39110,34740,29700,43680,361525,267164,37070,33390,28750,41510,361525,267164,510,0,0,150,361525,267164,1530,0,0,410,361525,267164,470,0,0,190,361525,267164,39.3,39,28,50,361525,267164,27.7,37.5,15,37.5,361525,267164
I,Accommodation and food service activities,2017,35.15261044176707,315.4697615410442,0.4819277108433735,0.1606425702811245,0.02008032128514056,0.2289156626506024,0.05622489959839357,0.4538152610441767,0.01606425702811245,0.2008032128514056,0.01204819277108433,0.00803212851405622,0.00401606425702811,0.11244979919678716,0.3413654618473896,0.20481927710843373,0.18875502008032127,0.11244979919678716,0.04016064257028112,0,0.9759036144578314,0.00401606425702811,0,0,0.17670682730923695,0.7429718875502008,0.07228915662650602,0.00401606425702811,0,0.00401606425702811,0,0,0.321285140562249,0.05622489959839357,0.43373493975903615,0.8072289156626506,0.10843373493975904,0.00401606425702811,0,0,0,0.00803212851405622,0.01204819277108433,0.00401606425702811,0.12048192771084336,0,0,0,0.01204819277108433,0.00401606425702811,0,0,0.00401606425702811,0.02811244979919678,0.02811244979919678,0,0.01204819277108433,0.05622489959839357,0,0,0.43775100401606426,0.10441767068273092,0,0.00401606425702811,0,0,0.00803212851405622,0,0,0,0.00803212851405622,0,0,0.02409638554216867,0.05220883534136546,0,0,0.06827309236947791,0,0,249,All occupations,Sum all sectors,Both sexes,All employees,30190,28360,25000,32460,105680,72498,29470,27600,24680,31500,105680,72498,510,0,0,590,105680,72498,210,0,0,0,105680,72498,190,0,0,40,105680,72498,33.8,31,24,42,105680,72498,25.3,34.1,11.3,37.5,105680,72498
N,Administrative and support service activities,2017,40.16058394160584,304.4565016091241,0.5936739659367397,0.3309002433090024,0.0024330900243309,0.2360097323600973,0.06082725060827251,0.3868613138686132,0.04866180048661801,0.1873479318734793,0.06569343065693431,0.0072992700729927,0.0048661800486618,0.0364963503649635,0.24330900243309003,0.26763990267639903,0.18248175182481752,0.1873479318734793,0.0827250608272506,0,0.8175182481751825,0.15571776155717762,0,0.0170316301703163,0.1630170316301703,0.781021897810219,0.04866180048661801,0.0048661800486618,0,0.0024330900243309,0,0,0.29927007299270075,0.06082725060827251,0.340632603406326,0.8150851581508516,0.12408759124087591,0.0121654501216545,0,0,0,0.0145985401459854,0.0316301703163017,0.0194647201946472,0.0121654501216545,0.0218978102189781,0.0024330900243309,0.0145985401459854,0.0389294403892944,0.0218978102189781,0.0072992700729927,0.04866180048661801,0.0048661800486618,0.1021897810218978,0.0072992700729927,0.0145985401459854,0.0218978102189781,0.0389294403892944,0.0364963503649635,0,0.08029197080291971,0.0535279805352798,0.0194647201946472,0.0827250608272506,0.0170316301703163,0.0024330900243309,0.0510948905109489,0.0121654501216545,0.0024330900243309,0.0170316301703163,0.0072992700729927,0.0072992700729927,0,0.0194647201946472,0.14841849148418493,0,0.0024330900243309,0.0024330900243309,0,0.0024330900243309,411,All occupations,Sum all sectors,Both sexes,All employees,37740,33400,30000,40000,152647,122135,36390,32580,29390,38520,152647,122135,640,0,0,50,152647,122135,700,0,0,0,152647,122135,660,0,0,260,152647,122135,39.8,39,29,49,152647,122135,29.9,37.5,23.1,37.5,152647,122135
A,"Agriculture, forestry and fishing",2017,47.73298429319372,258.89872155492145,0.7905759162303665,0.14659685863874344,0,0.23036649214659685,0.16230366492146597,0.387434554973822,0.02617801047120419,0.13612565445026178,0.05759162303664921,0,0,0.0418848167539267,0.1099476439790576,0.16230366492146597,0.21465968586387435,0.2617801047120419,0.18324607329842932,0.02617801047120419,1,0,0,0,0.06806282722513089,0.4083769633507853,0.45549738219895286,0.04712041884816754,0,0.02094240837696335,0,0,0.15706806282722513,0.08900523560209424,0.193717277486911,0.4607329842931937,0.01570680628272251,0,0,0,0,0.00523560209424083,0,0.01570680628272251,0,0.02617801047120419,0,0,0.00523560209424083,0,0.00523560209424083,0.05235602094240838,0,0.01047120418848167,0,0,0.01047120418848167,0,0,0,0.02094240837696335,0.00523560209424083,0,0,0.518324607329843,0.2670157068062827,0.00523560209424083,0.00523560209424083,0,0,0.00523560209424083,0.00523560209424083,0,0.02617801047120419,0,0.01047120418848167,0,0,0,0,191,All occupations,Sum all sectors,Both sexes,All employees,37090,32790,25980,43290,33103,23201,35130,32470,25980,40000,33103,23201,690,0,0,0,33103,23201,1270,0,0,0,33103,23201,900,0,0,0,33103,23201,38.6,37,27,49,33103,23201,26.3,37.5,11.3,37.5,33103,23201
R,"Arts, entertainment and recreation",2017,38.2710843373494,317.8982188621084,0.4879518072289157,0.25301204819277107,0,0.21686746987951808,0.04216867469879518,0.28313253012048195,0.0180722891566265,0.29518072289156627,0.14457831325301204,0,0,0.13253012048192772,0.2289156626506024,0.2289156626506024,0.1686746987951807,0.13855421686746988,0.0963855421686747,0.00602409638554216,0.7349397590361446,0.1746987951807229,0.0180722891566265,0.06024096385542168,0.1566265060240964,0.6807228915662651,0.13855421686746988,0.02409638554216867,0,0,0,0,0.1746987951807229,0.06024096385542168,0.30120481927710846,0.7409638554216867,0.0963855421686747,0,0,0,0,0.00602409638554216,0.04216867469879518,0.01204819277108433,0.06626506024096386,0.00602409638554216,0.00602409638554216,0.0180722891566265,0.04216867469879518,0,0.26506024096385544,0.01204819277108433,0.00602409638554216,0.02409638554216867,0.24096385542168677,0,0.00602409638554216,0.06024096385542168,0,0.00602409638554216,0.06024096385542168,0.0180722891566265,0.00602409638554216,0.03012048192771084,0.01204819277108433,0,0,0.00602409638554216,0,0.00602409638554216,0,0,0,0.01204819277108433,0.02409638554216867,0,0,0.00602409638554216,0,0,166,All occupations,Sum all sectors,Both sexes,All employees,38810,37400,29880,44820,51808,30631,38120,36860,29230,44160,51808,30631,360,0,0,0,51808,30631,330,0,0,0,51808,30631,160,0,0,0,51808,30631,39.7,39,28,51,51808,30631,22.1,22.8,5.6,37.5,51808,30631
F,Construction,2017,41.80218281036835,284.9941397618281,0.9140518417462484,0.29195088676671216,0,0.18281036834924969,0.0572987721691678,0.5443383356070941,0.0791268758526603,0.10368349249658936,0.03137789904502047,0,0.00136425648021828,0.03819918144611187,0.21828103683492495,0.22510231923601637,0.22237380627557984,0.20600272851296045,0.08321964529331514,0.0068212824010914,0.9577080491132332,0.02455661664392906,0,0.01091405184174624,0.1077762619372442,0.7748976807639836,0.10231923601637108,0.01500682128240109,0,0,0,0,0.2946793997271487,0.08867667121418826,0.4051841746248295,0.8553888130968622,0.02592087312414734,0.00272851296043656,0,0,0,0.00409276944065484,0.01227830832196453,0.06957708049113233,0.00272851296043656,0.03683492496589358,0,0,0.0068212824010914,0,0,0.07366984993178717,0.01637107776261937,0.02182810368349249,0,0,0.01500682128240109,0,0.01909959072305593,0,0.01091405184174624,0.00818553888130968,0,0.00136425648021828,0.0068212824010914,0,0.3806275579809004,0.02728512960436562,0,0.1296043656207367,0.00954979536152796,0,0,0.11323328785811732,0.00545702592087312,0.00136425648021828,0.02046384720327421,0,0.00136425648021828,0.00272851296043656,733,All occupations,Sum all sectors,Both sexes,All employees,42240,39280,33230,46890,227312,210859,40510,37830,32480,44790,227312,210859,940,0,0,1020,227312,210859,790,0,0,0,227312,210859,1010,0,0,680,227312,210859,39.5,39,29,50,227312,210859,34.8,37.5,37.5,37.5,227312,210859
P,Education,2017,44.85858585858586,281.8016961658207,0.30934343434343436,0.7790404040404041,0,0.03914141414141414,0.02525252525252525,0.11742424242424244,0.01388888888888888,0.5492424242424242,0.2032828282828283,0.0505050505050505,0.00126262626262626,0.00883838383838383,0.1388888888888889,0.2335858585858586,0.2803030303030303,0.20833333333333337,0.125,0.00505050505050505,0.12878787878787878,0.49873737373737376,0.20454545454545456,0.16666666666666666,0.15656565656565655,0.821969696969697,0.0202020202020202,0.00126262626262626,0,0,0,0,0.06313131313131314,0.00883838383838383,0.02904040404040404,0.8712121212121212,0.1047979797979798,0.00126262626262626,0,0,0,0,0.01641414141414141,0.04924242424242424,0,0.00631313131313131,0.00505050505050505,0.6843434343434344,0.0303030303030303,0.00757575757575757,0.02146464646464646,0.00126262626262626,0.00126262626262626,0.01388888888888888,0.00505050505050505,0.00378787878787878,0.00883838383838383,0.00252525252525252,0.00252525252525252,0.00126262626262626,0.02272727272727272,0,0.08712121212121213,0.00252525252525252,0.00126262626262626,0,0,0,0,0,0,0,0,0,0.0202020202020202,0,0,0.00126262626262626,0,0.00252525252525252,792,All occupations,Sum all sectors,Both sexes,All employees,43990,43980,37580,49190,241462,187443,43850,43930,37580,49130,241462,187443,130,0,0,0,241462,187443,10,0,0,0,241462,187443,190,0,0,0,241462,187443,44.6,45,35,54,241462,187443,29.1,37.5,19.9,37.5,241462,187443
D,"Electricity, gas, steam and air conditioning supply",2017,48.41269841269841,264.21296606301587,0.7142857142857143,0.7619047619047619,0,0.06349206349206349,0.07936507936507936,0.36507936507936506,0.07936507936507936,0.25396825396825395,0.15873015873015872,0,0,0.03174603174603174,0.01587301587301587,0.1904761904761905,0.3333333333333333,0.3333333333333333,0.07936507936507936,0.01587301587301587,0.9682539682539684,0,0,0.03174603174603174,0.1111111111111111,0.8412698412698413,0.01587301587301587,0.03174603174603174,0,0,0,0,0.492063492063492,0.1904761904761905,0.2063492063492063,0.9206349206349206,0.03174603174603174,0,0,0,0,0.01587301587301587,0,0.04761904761904761,0.01587301587301587,0.09523809523809525,0,0,0.15873015873015872,0.06349206349206349,0,0.30158730158730157,0.01587301587301587,0.03174603174603174,0,0,0.01587301587301587,0.03174603174603174,0.01587301587301587,0.01587301587301587,0.01587301587301587,0,0,0,0,0,0,0.01587301587301587,0,0.09523809523809525,0,0.01587301587301587,0,0,0.01587301587301587,0,0,0.01587301587301587,0,0,63,All occupations,Sum all sectors,Both sexes,All employees,58000,51590,44150,66750,15999,15310,55420,49750,42510,64350,15999,15310,1020,0,0,580,15999,15310,1550,0,0,1080,15999,15310,1870,240,0,2560,15999,15310,45.7,48,36,55,15999,15310,35.8,37.5,37.5,37.5,15999,15310
K,Financial and insurance activities,2017,44.75728155339806,291.8280834990291,0.5436893203883495,0.5242718446601942,0,0.04854368932038835,0.05825242718446602,0.2087378640776699,0.0145631067961165,0.49029126213592233,0.17475728155339806,0.00485436893203883,0,0,0.1553398058252427,0.21844660194174756,0.23300970873786409,0.3300970873786408,0.06310679611650485,0,0.9805825242718448,0,0,0.0145631067961165,0.0825242718446602,0.912621359223301,0.00485436893203883,0,0,0,0,0,0.4223300970873786,0.1553398058252427,0.34951456310679613,0.970873786407767,0.02427184466019417,0.00485436893203883,0,0,0,0.0145631067961165,0.01941747572815533,0.10194174757281552,0,0.00485436893203883,0,0,0.13106796116504854,0.06796116504854369,0.01941747572815533,0.00485436893203883,0,0.587378640776699,0.00485436893203883,0.00970873786407766,0.00970873786407766,0.00485436893203883,0.00485436893203883,0,0.00485436893203883,0,0,0,0,0,0,0,0,0,0,0,0,0.00485436893203883,0,0,0,0,0,0,206,All occupations,Sum all sectors,Both sexes,All employees,63490,51440,41050,69350,45697,43535,56450,48690,39030,64650,45697,43535,810,0,0,0,45697,43535,6240,910,0,3360,45697,43535,610,0,0,270,45697,43535,44.2,44,35,54,45697,43535,35.3,36.9,36.8,37.5,45697,43535
Q,Human health and social work activities,2017,43.19945355191257,289.7606032820984,0.1989071038251366,0.7043715846994536,5.46448087431694e-4,0.10655737704918032,0.06174863387978142,0.2814207650273224,0.01912568306010929,0.4158469945355191,0.10655737704918032,0.00655737704918032,0.00163934426229508,0.01967213114754098,0.17650273224043717,0.22950819672131148,0.26229508196721313,0.20437158469945357,0.10601092896174864,0.00163934426229508,0.24262295081967217,0.519672131147541,0.00983606557377049,0.22513661202185792,0.15081967213114755,0.8109289617486338,0.03442622950819672,0.00382513661202185,0,0,0,0,0.1180327868852459,0.02349726775956284,0.04699453551912568,0.8721311475409836,0.09016393442622953,0.00491803278688524,0,0,0,0.00163934426229508,0.00382513661202185,0.03114754098360656,0,0.00218579234972677,0.28524590163934427,0.06557377049180328,0.01967213114754098,0.00218579234972677,0.03005464480874316,0.00218579234972677,0.06120218579234973,0.01038251366120218,0.0546448087431694,0,0.00710382513661202,0.00327868852459016,0.00109289617486338,0,0.01420765027322404,0.00327868852459016,0.3797814207650273,0,0,0,0.00109289617486338,5.46448087431694e-4,0,0,0,0.00273224043715847,0,0,0.00546448087431694,0,0.00491803278688524,0.00163934426229508,0,0,1830,All occupations,Sum all sectors,Both sexes,All employees,41610,39730,33850,45510,616463,425814,38950,36530,32600,42430,616463,425814,2620,0,0,4120,616463,425814,40,0,0,0,616463,425814,510,0,0,310,616463,425814,42.9,43,33,53,616463,425814,25.3,30,14.8,37.5,616463,425814
J,Information and communication,2017,42.20391061452514,304.4784014665363,0.7402234636871509,0.329608938547486,0.00279329608938547,0.0670391061452514,0.01955307262569832,0.20670391061452512,0.03072625698324022,0.44972067039106145,0.20949720670391064,0.01396648044692737,0,0.01396648044692737,0.1592178770949721,0.29608938547486036,0.27932960893854747,0.18156424581005587,0.0670391061452514,0.00279329608938547,0.9860335195530726,0,0,0.0111731843575419,0.0977653631284916,0.8491620111731844,0.04189944134078212,0.0111731843575419,0,0,0,0,0.20670391061452512,0.09217877094972068,0.5921787709497207,0.9189944134078212,0.02793296089385474,0.00279329608938547,0,0,0,0.01396648044692737,0.04748603351955307,0.05865921787709497,0.00558659217877095,0.03631284916201117,0,0.00558659217877095,0.07262569832402235,0.3770949720670391,0.13128491620111732,0.0335195530726257,0,0.05586592178770949,0.00837988826815642,0.06983240223463687,0.01396648044692737,0.0111731843575419,0.00837988826815642,0,0,0.03072625698324022,0,0,0,0,0,0,0,0.00558659217877095,0,0,0,0.00279329608938547,0.00558659217877095,0,0,0,0,0.00279329608938547,358,All occupations,Sum all sectors,Both sexes,All employees,57790,52810,42180,67430,90036,83008,54360,50640,41070,63750,90036,83008,560,0,0,0,90036,83008,2870,0,0,1380,90036,83008,810,0,0,110,90036,83008,41.2,41,32,49,90036,83008,34.6,37.5,37.5,37.5,90036,83008
C,Manufacturing,2017,44.66445623342175,283.6805068990451,0.7546419098143236,0.5278514588859416,0.0013262599469496,0.17506631299734748,0.06763925729442971,0.4482758620689655,0.05305039787798409,0.16843501326259946,0.08222811671087533,0.0039787798408488,0,0.02122015915119363,0.14854111405835543,0.2015915119363395,0.2572944297082228,0.27320954907161804,0.09681697612732096,0.0013262599469496,0.9907161803713528,0.0013262599469496,0,0,0.10610079575596816,0.8594164456233422,0.03050397877984085,0.0039787798408488,0,0,0,0,0.4257294429708222,0.10477453580901856,0.3753315649867374,0.9323607427055703,0.03315649867374005,0.0053050397877984,0,0,0,0.0039787798408488,0.03315649867374005,0.09416445623342176,0.0039787798408488,0.04244031830238726,0.0013262599469496,0,0.02917771883289124,0.01326259946949602,0.0039787798408488,0.1180371352785146,0.01724137931034482,0.07029177718832891,0.0053050397877984,0.00663129973474801,0.02122015915119363,0.0026525198938992,0.04907161803713528,0.0013262599469496,0.01061007957559681,0.01326259946949602,0,0,0,0,0.03315649867374005,0.11405835543766578,0.01326259946949602,0.04244031830238726,0.02652519893899204,0.17639257294429708,0.01193633952254641,0.02254641909814323,0.01061007957559681,0,0.0026525198938992,0,0,0,754,All occupations,Sum all sectors,Both sexes,All employees,45490,40480,33980,50900,212729,197174,43020,38350,32480,48390,212729,197174,1430,0,0,1160,212729,197174,1040,0,0,170,212729,197174,2070,220,0,2370,212729,197174,43.3,44,34,53,212729,197174,34.5,37.5,37.5,37.5,212729,197174
B,Mining and quarrying,2017,44.30805687203792,265.81629339587676,0.8009478672985783,0.6729857819905213,0,0.07582938388625593,0.05687203791469194,0.2796208530805687,0.11374407582938388,0.2132701421800948,0.24170616113744076,0.01895734597156398,0,0.00947867298578199,0.10426540284360188,0.26540284360189575,0.3033175355450237,0.23696682464454977,0.08056872037914692,0,0.976303317535545,0,0,0.01421800947867298,0.2132701421800948,0.7867298578199052,0,0,0,0,0,0,0.46919431279620855,0.0947867298578199,0.36018957345971564,0.95260663507109,0.04739336492890995,0.00947867298578199,0,0,0,0.01421800947867298,0.01895734597156398,0.06161137440758293,0,0.15165876777251186,0,0,0.04265402843601896,0.00947867298578199,0.00947867298578199,0.22748815165876776,0.02369668246445497,0.04265402843601896,0,0.00473933649289099,0.00947867298578199,0.00947867298578199,0.03791469194312796,0,0.00947867298578199,0,0,0,0,0,0.04739336492890995,0.01895734597156398,0,0.04265402843601896,0.00473933649289099,0.15639810426540285,0,0.03791469194312796,0,0,0.00947867298578199,0,0,0,211,All occupations,Sum all sectors,Both sexes,All employees,69620,62140,50730,80900,55757,54482,60950,54170,41820,74570,55757,54482,5820,1260,0,7990,55757,54482,2860,40,0,2310,55757,54482,4080,1030,0,5700,55757,54482,44.9,45,37,53,55757,54482,34.6,37.5,33.6,37.5,55757,54482
S,Other service activities,2017,43.8994708994709,298.24196609380954,0.31746031746031744,0.2857142857142857,0,0.1693121693121693,0.03174603174603174,0.4021164021164021,0.02645502645502645,0.2275132275132275,0.14285714285714285,0,0,0.03703703703703703,0.1693121693121693,0.2328042328042328,0.20105820105820105,0.2222222222222222,0.12169312169312169,0.01587301587301587,0.8412698412698413,0.12169312169312169,0,0.03174603174603174,0.08465608465608465,0.7301587301587301,0.164021164021164,0.02116402116402116,0,0,0,0,0.21693121693121692,0.09523809523809525,0.31746031746031744,0.7777777777777778,0.03703703703703703,0.01587301587301587,0,0,0,0.07407407407407407,0.03174603174603174,0.01587301587301587,0.01587301587301587,0.01058201058201058,0,0.00529100529100529,0.04761904761904761,0.00529100529100529,0.14814814814814814,0.01587301587301587,0.01587301587301587,0.00529100529100529,0.06349206349206349,0.00529100529100529,0.03174603174603174,0.00529100529100529,0.02645502645502645,0,0.3968253968253968,0.01058201058201058,0.00529100529100529,0,0,0,0.00529100529100529,0,0.00529100529100529,0.01587301587301587,0.00529100529100529,0.00529100529100529,0,0.00529100529100529,0.00529100529100529,0,0,0,0,0,189,All occupations,Sum all sectors,Both sexes,All employees,41330,38000,30550,48570,51444,38386,40640,37510,29880,48060,51444,38386,260,0,0,0,51444,38386,430,0,0,0,51444,38386,180,0,0,0,51444,38386,42.5,43,31,53,51444,38386,27.8,37.5,18.4,37.5,51444,38386
M,"Professional, scientific and technical activities",2017,44.43840579710145,291.0689683765942,0.6068840579710145,0.391304347826087,0,0.05072463768115942,0.03260869565217391,0.19202898550724637,0.04891304347826087,0.30434782608695654,0.32971014492753625,0.04166666666666666,0,0.00905797101449275,0.14855072463768115,0.2644927536231884,0.22282608695652173,0.2355072463768116,0.10869565217391304,0.0108695652173913,0.9311594202898552,0.00181159420289855,0,0.06702898550724638,0.09963768115942027,0.7916666666666666,0.09782608695652174,0.0108695652173913,0,0,0,0,0.2010869565217391,0.06702898550724638,0.5181159420289855,0.8659420289855072,0.0217391304347826,0.00543478260869565,0,0,0,0.01630434782608695,0.03804347826086957,0.03260869565217391,0.00181159420289855,0.21014492753623187,0.01268115942028985,0.01268115942028985,0.1721014492753623,0.02355072463768116,0.06884057971014493,0.1177536231884058,0.0144927536231884,0.1503623188405797,0.01992753623188405,0.0072463768115942,0.0217391304347826,0.0144927536231884,0.01630434782608695,0,0.00181159420289855,0.0108695652173913,0,0,0.00181159420289855,0.00181159420289855,0.00543478260869565,0.00181159420289855,0.00543478260869565,0.0072463768115942,0.00181159420289855,0.00181159420289855,0,0,0.00181159420289855,0,0.00181159420289855,0,0,0,552,All occupations,Sum all sectors,Both sexes,All employees,55290,50000,40270,64820,134258,118665,53370,49200,39980,62890,134258,118665,330,0,0,0,134258,118665,1590,0,0,0,134258,118665,990,0,0,0,134258,118665,42.7,42,33,52,134258,118665,33.4,37.5,37.5,37.5,134258,118665
O,Public administration and defence; compulsory social security,2017,46.675384615384615,281.80550571646154,0.4969230769230769,0.823076923076923,0,0.06,0.05538461538461538,0.20615384615384616,0.0523076923076923,0.3984615384615385,0.22153846153846157,0.00615384615384615,0,0.01384615384615384,0.0953846153846154,0.20153846153846153,0.2630769230769231,0.3076923076923077,0.11384615384615385,0.00461538461538461,0.0123076923076923,0.3153846153846154,0.04153846153846154,0.6307692307692307,0.14,0.8523076923076923,0.00461538461538461,0.00153846153846153,0,0.00153846153846153,0,0,0.00153846153846153,0,0.00153846153846153,0.9492307692307692,0.04153846153846154,0.00307692307692307,0.03692307692307692,0.01692307692307692,0.00923076923076923,0.01384615384615384,0.0953846153846154,0.02153846153846153,0,0.05076923076923077,0.01384615384615384,0.00769230769230769,0.24769230769230768,0.01846153846153846,0.0953846153846154,0.02307692307692307,0.00615384615384615,0.14615384615384616,0.00307692307692307,0.01538461538461538,0.03384615384615384,0.01076923076923076,0.02461538461538461,0.00153846153846153,0.00923076923076923,0,0.00461538461538461,0.056923076923076923,0.00153846153846153,0,0.00307692307692307,0.00923076923076923,0.00307692307692307,0,0,0.00153846153846153,0,0.00461538461538461,0.00769230769230769,0,0.00153846153846153,0.00153846153846153,0,0,650,All occupations,Sum all sectors,Both sexes,All employees,48150,45270,38810,54070,173409,151951,46180,43330,37270,51950,173409,151951,1950,0,0,720,173409,151951,10,0,0,0,173409,151951,960,0,0,810,173409,151951,45,46,36,54,173409,151951,32.8,37.5,37.5,37.5,173409,151951
L,Real estate activities,2017,45.05194805194805,288.2572942142857,0.5844155844155844,0.3246753246753247,0,0.03896103896103896,0.09090909090909093,0.4025974025974026,0.02597402597402597,0.33766233766233766,0.1038961038961039,0,0,0.01298701298701298,0.16883116883116883,0.1948051948051948,0.2597402597402597,0.24675324675324675,0.09090909090909093,0.02597402597402597,0.987012987012987,0.01298701298701298,0,0,0.07792207792207792,0.8571428571428571,0.06493506493506493,0,0,0,0,0,0.16883116883116883,0.07792207792207792,0.6363636363636364,0.8961038961038961,0.03896103896103896,0,0,0,0,0.05194805194805195,0.05194805194805195,0.02597402597402597,0,0.02597402597402597,0,0,0.07792207792207792,0.01298701298701298,0,0.02597402597402597,0.01298701298701298,0.4675324675324675,0.01298701298701298,0,0.03896103896103896,0,0.03896103896103896,0,0.06493506493506493,0.01298701298701298,0,0,0,0,0.01298701298701298,0.01298701298701298,0,0,0,0,0,0.01298701298701298,0.03896103896103896,0,0,0,0,0,77,All occupations,Sum all sectors,Both sexes,All employees,53260,42620,33410,60000,27678,21043,49500,41670,32970,57070,27678,21043,890,0,0,0,27678,21043,2860,0,0,0,27678,21043,170,0,0,0,27678,21043,44.6,45,34,55,27678,21043,28.5,37.5,18.8,37.5,27678,21043
H,Transportation and storage,2017,44.52676659528908,287.48409799653103,0.8008565310492506,0.5160599571734475,0.00428265524625267,0.2569593147751606,0.0728051391862955,0.40471092077087795,0.08565310492505353,0.1349036402569593,0.03640256959314775,0.00214132762312633,0.00214132762312633,0.02141327623126338,0.1777301927194861,0.18843683083511775,0.22483940042826553,0.2740899357601713,0.10492505353319058,0.00856531049250535,0.9550321199143468,0.00642398286937901,0,0.03640256959314775,0.12419700214132762,0.815845824411135,0.05139186295503212,0.00856531049250535,0,0,0,0,0.5353319057815846,0.04925053533190578,0.25481798715203424,0.8843683083511777,0.05353319057815846,0.00856531049250535,0,0,0,0.00428265524625267,0.00856531049250535,0.06209850107066381,0.00214132762312633,0.00428265524625267,0,0.00214132762312633,0.02141327623126338,0.00856531049250535,0.00214132762312633,0.10706638115631692,0.00214132762312633,0.05995717344753747,0,0,0.01498929336188436,0.04068522483940043,0.06852248394004283,0.04925053533190578,0.0449678800856531,0.00428265524625267,0,0.01927194860813704,0,0,0,0.0171306209850107,0,0.00428265524625267,0,0.00642398286937901,0,0.39828693790149894,0.00642398286937901,0,0.01284796573875803,0.00214132762312633,0,0.0171306209850107,467,All occupations,Sum all sectors,Both sexes,All employees,44210,38010,33180,48950,136724,117794,41670,35720,31730,46080,136724,117794,1840,0,0,1960,136724,117794,700,0,0,0,136724,117794,1270,0,0,980,136724,117794,44.1,45,33,54,136724,117794,32.1,37.5,33.8,37.5,136724,117794
00.0,Unspecified or unidentifiable industry,2017,35.18181818181818,399.2259825736364,0.8181818181818182,0.09090909090909093,0,0.3636363636363637,0,0.3636363636363637,0.09090909090909093,0.18181818181818185,0,0,0,0.2727272727272727,0.09090909090909093,0.2727272727272727,0.18181818181818185,0.09090909090909093,0.09090909090909093,0,0.5454545454545454,0,0.09090909090909093,0,0,0.7272727272727273,0.2727272727272727,0,0,0,0,0,0.09090909090909093,0.09090909090909093,0.2727272727272727,0.09090909090909093,0.18181818181818185,0.4545454545454546,0,0,0,0,0,0,0.09090909090909093,0.09090909090909093,0,0,0.09090909090909093,0,0.09090909090909093,0,0,0,0,0,0,0,0,0,0.09090909090909093,0,0,0,0,0,0,0,0,0,0,0,0,0,0.09090909090909093,0,0,0,0,0,11,All occupations,Sum all sectors,Both sexes,All employees,50120,38500,30000,60000,901,510,49230,38470,29870,56830,901,510,60,0,0,0,901,510,830,0,0,0,901,510,70,0,0,0,901,510,43.6,43,32,54,901,510,21.3,19.1,5.3,37.5,901,510
E,"Water supply; sewerage, waste management and remediation activities",2017,43.77272727272727,291.52320815386366,0.8863636363636364,0.6590909090909091,0,0.3181818181818182,0.06818181818181818,0.3863636363636363,0.04545454545454545,0.11363636363636365,0.06818181818181818,0,0,0.02272727272727272,0.1590909090909091,0.20454545454545456,0.3181818181818182,0.1590909090909091,0.13636363636363635,0,0.4545454545454546,0.5454545454545454,0,0,0.1590909090909091,0.8409090909090909,0,0,0,0,0,0,0.2727272727272727,0.04545454545454545,0.09090909090909093,0.9545454545454546,0.04545454545454545,0.02272727272727272,0,0,0,0,0.04545454545454545,0,0,0.02272727272727272,0,0,0.04545454545454545,0.04545454545454545,0,0.11363636363636365,0,0.04545454545454545,0,0,0,0,0.02272727272727272,0,0.02272727272727272,0,0,0,0,0,0.06818181818181818,0.02272727272727272,0,0,0,0.02272727272727272,0,0.1590909090909091,0,0,0,0,0,0.3409090909090909,44,All occupations,Sum all sectors,Both sexes,All employees,42110,38220,33510,46700,16054,14353,41090,37480,33130,45720,16054,14353,510,0,0,200,16054,14353,520,0,0,0,16054,14353,1960,350,0,2680,16054,14353,44.5,45,35,54,16054,14353,33.5,37.5,37.5,37.5,16054,14353
G,Wholesale and retail trade; repair of motor vehicles and motorcycles,2017,39.47546531302877,301.47371077824874,0.5558375634517766,0.25888324873096447,0.00253807106598984,0.2529610829103215,0.07445008460236886,0.4094754653130287,0.03976311336717428,0.1793570219966159,0.03807106598984772,8.460236886632825e-4,0.00253807106598984,0.07021996615905245,0.26057529610829105,0.19035532994923857,0.22842639593908629,0.1844331641285956,0.06345177664974619,0.00253807106598984,0.9923857868020304,0,0,8.460236886632825e-4,0.11505922165820642,0.8477157360406091,0.03637901861252115,8.460236886632825e-4,0,0,0,0,0.3976311336717428,0.06598984771573604,0.434010152284264,0.9137055837563453,0.04653130287648054,0,0,0,0,0.00423011844331641,0.02538071065989847,0.01099830795262267,0.1209813874788494,0.00507614213197969,0.0143824027072758,8.460236886632825e-4,0.01861252115059221,0.01269035532994923,0.00507614213197969,0.02622673434856176,0.02707275803722504,0.10406091370558376,8.460236886632825e-4,0.00676818950930626,0.01861252115059221,0.01353637901861252,0.0583756345177665,0,0.00592216582064297,0.39086294416243655,0,0,0,8.460236886632825e-4,0.00592216582064297,0.07529610829103214,8.460236886632825e-4,0.00423011844331641,0.00761421319796954,0.00253807106598984,0.00169204737732656,0.01099830795262267,0.0143824027072758,8.460236886632825e-4,0.00253807106598984,8.460236886632825e-4,0,8.460236886632825e-4,1182,All occupations,Sum all sectors,Both sexes,All employees,40170,35540,30460,45000,366424,269344,38030,34410,29600,42550,366424,269344,560,0,0,210,366424,269344,1580,0,0,460,366424,269344,480,0,0,200,366424,269344,39.5,39,28,50,366424,269344,27.5,37.5,15,37.5,366424,269344
